x1,y1,x2,y2,collection,name,bc_type,bc_x,bc_y
-183.0,0.23,-182.027,0.213,topo,0,u,0,0
-182.027,0.213,-181.054,0.197,topo,1,u,0,0
-181.054,0.197,-180.081,0.18,topo,2,u,0,0
-180.081,0.18,-179.109,0.164,topo,3,u,0,0
-179.109,0.164,-178.136,0.147,topo,4,u,0,0
-178.136,0.147,-177.163,0.131,topo,5,u,0,0
-177.163,0.131,-176.191,0.115,topo,6,u,0,0
-176.191,0.115,-175.218,0.098,topo,7,u,0,0
-175.218,0.098,-174.245,0.082,topo,8,u,0,0
-174.245,0.082,-173.272,0.065,topo,9,u,0,0
-173.272,0.065,-172.3,0.049,topo,10,u,0,0
-172.3,0.049,-171.327,0.032,topo,11,u,0,0
-171.327,0.032,-170.354,0.016,topo,12,u,0,0
-170.354,0.016,-169.382,0.0,topo,13,u,0,0
-169.382,0.0,-168.456,-0.057,topo,0,u,0,0
-168.456,-0.057,-167.53,-0.115,topo,1,u,0,0
-167.53,-0.115,-166.604,-0.172,topo,2,u,0,0
-166.604,-0.172,-165.678,-0.23,topo,3,u,0,0
-165.678,-0.23,-164.752,-0.288,topo,4,u,0,0
-164.752,-0.288,-163.826,-0.345,topo,5,u,0,0
-163.826,-0.345,-162.9,-0.403,topo,6,u,0,0
-162.9,-0.403,-161.975,-0.461,topo,7,u,0,0
-161.975,-0.461,-161.152,-0.499,topo,0,u,0,0
-161.152,-0.499,-160.329,-0.537,topo,1,u,0,0
-160.329,-0.537,-159.506,-0.576,topo,2,u,0,0
-159.506,-0.576,-158.641,-0.692,topo,3,u,0,0
-158.641,-0.692,-157.653,-0.537,topo,0,u,0,0
-157.653,-0.537,-156.666,-0.383,topo,1,u,0,0
-156.666,-0.383,-155.679,-0.23,topo,2,u,0,0
-155.679,-0.23,-154.691,-0.23,topo,0,u,0,0
-154.691,-0.23,-153.703,-0.23,topo,1,u,0,0
-153.703,-0.23,-152.715,-0.23,topo,2,u,0,0
-152.715,-0.23,-151.728,-0.23,topo,3,u,0,0
-151.728,-0.23,-150.925,-0.172,topo,0,u,0,0
-150.925,-0.172,-150.123,-0.115,topo,1,u,0,0
-150.123,-0.115,-149.34,-0.268,topo,0,u,0,0
-149.34,-0.268,-148.559,-0.422,topo,1,u,0,0
-148.559,-0.422,-147.777,-0.576,topo,2,u,0,0
-147.777,-0.576,-146.79,-0.576,topo,8,u,0,0
-146.79,-0.576,-145.987,-0.633,topo,0,u,0,0
-145.987,-0.633,-145.185,-0.692,topo,1,u,0,0
-145.185,-0.692,-144.567,-0.922,topo,0,u,0,0
-144.567,-0.922,-143.95,-1.153,topo,1,u,0,0
-143.95,-1.153,-143.086,-1.153,topo,0,u,0,0
-143.086,-1.153,-142.222,-1.153,topo,1,u,0,0
-142.222,-1.153,-141.543,-0.864,topo,0,u,0,0
-141.543,-0.864,-140.864,-0.576,topo,1,u,0,0
-140.864,-0.576,-140.041,-0.691,topo,0,u,0,0
-140.041,-0.691,-139.218,-0.807,topo,1,u,0,0
-139.218,-0.807,-138.395,-0.923,topo,2,u,0,0
-138.395,-0.923,-137.654,-1.153,topo,0,u,0,0
-137.654,-1.153,-136.913,-1.384,topo,1,u,0,0
-136.913,-1.384,-136.254,-1.538,topo,0,u,0,0
-136.254,-1.538,-135.596,-1.692,topo,1,u,0,0
-135.596,-1.692,-134.938,-1.846,topo,2,u,0,0
-134.938,-1.846,-133.95,-1.961,topo,16,u,0,0
-133.95,-1.961,-133.061,-1.938,topo,0,u,0,0
-133.061,-1.938,-132.172,-1.915,topo,1,u,0,0
-132.172,-1.915,-131.283,-1.892,topo,2,u,0,0
-131.283,-1.892,-130.394,-1.869,topo,3,u,0,0
-130.394,-1.869,-129.506,-1.846,topo,4,u,0,0
-129.506,-1.846,-129.012,-1.961,topo,0,u,0,0
-129.012,-1.961,-128.518,-2.076,topo,1,u,0,0
-128.518,-2.076,-127.623,-1.787,topo,0,u,0,0
-127.623,-1.787,-126.728,-1.499,topo,1,u,0,0
-126.728,-1.499,-125.833,-1.211,topo,2,u,0,0
-125.833,-1.211,-124.938,-0.923,topo,3,u,0,0
-124.938,-0.923,-123.95,-1.038,topo,20,u,0,0
-123.95,-1.038,-123.086,-1.153,topo,21,u,0,0
-123.086,-1.153,-122.345,-1.038,topo,0,u,0,0
-122.345,-1.038,-121.604,-0.923,topo,1,u,0,0
-121.604,-0.923,-120.801,-0.749,topo,0,u,0,0
-120.801,-0.749,-120.0,-0.576,topo,1,u,0,0
-120.0,-0.576,-119.259,-0.806,topo,0,u,0,0
-119.259,-0.806,-118.518,-1.038,topo,1,u,0,0
-118.518,-1.038,-117.654,-0.98,topo,0,u,0,0
-117.654,-0.98,-116.79,-0.923,topo,1,u,0,0
-116.79,-0.923,-116.049,-0.923,topo,0,u,0,0
-116.049,-0.923,-115.308,-0.923,topo,1,u,0,0
-115.308,-0.923,-114.444,-1.211,topo,0,u,0,0
-114.444,-1.211,-113.58,-1.5,topo,1,u,0,0
-113.58,-1.5,-112.839,-1.5,topo,0,u,0,0
-112.839,-1.5,-112.098,-1.5,topo,1,u,0,0
-112.098,-1.5,-111.357,-1.269,topo,0,u,0,0
-111.357,-1.269,-110.617,-1.038,topo,1,u,0,0
-110.617,-1.038,-109.794,-0.884,topo,0,u,0,0
-109.794,-0.884,-108.971,-0.73,topo,1,u,0,0
-108.971,-0.73,-108.148,-0.576,topo,2,u,0,0
-108.148,-0.576,-107.407,-0.537,topo,0,u,0,0
-107.407,-0.537,-106.666,-0.499,topo,1,u,0,0
-106.666,-0.499,-105.925,-0.461,topo,2,u,0,0
-105.925,-0.461,-104.937,-0.538,topo,0,u,0,0
-104.937,-0.538,-103.949,-0.615,topo,1,u,0,0
-103.949,-0.615,-102.962,-0.692,topo,2,u,0,0
-102.962,-0.692,-102.262,-0.692,topo,0,u,0,0
-102.262,-0.692,-101.563,-0.692,topo,1,u,0,0
-101.563,-0.692,-100.864,-0.692,topo,2,u,0,0
-100.864,-0.692,-99.876,-0.807,topo,0,u,0,0
-99.876,-0.807,-98.888,-0.923,topo,1,u,0,0
-98.888,-0.923,-98.024,-1.038,topo,35,u,0,0
-98.024,-1.038,-97.283,-0.922,topo,0,u,0,0
-97.283,-0.922,-96.542,-0.807,topo,1,u,0,0
-96.542,-0.807,-95.802,-0.692,topo,2,u,0,0
-95.802,-0.692,-95.036,-0.945,topo,0,u,0,0
-95.036,-0.945,-94.271,-1.199,topo,1,u,0,0
-94.271,-1.199,-93.505,-1.453,topo,2,u,0,0
-93.505,-1.453,-92.74,-1.707,topo,3,u,0,0
-92.74,-1.707,-91.975,-1.961,topo,4,u,0,0
-91.975,-1.961,-91.172,-1.788,topo,0,u,0,0
-91.172,-1.788,-90.37,-1.615,topo,1,u,0,0
-90.37,-1.615,-89.629,-1.96,topo,0,u,0,0
-89.629,-1.96,-88.888,-2.307,topo,1,u,0,0
-88.888,-2.307,-88.106,-2.307,topo,0,u,0,0
-88.106,-2.307,-87.324,-2.307,topo,1,u,0,0
-87.324,-2.307,-86.543,-2.307,topo,2,u,0,0
-86.543,-2.307,-85.709,-1.989,topo,0,u,0,0
-85.709,-1.989,-84.876,-1.672,topo,1,u,0,0
-84.876,-1.672,-84.042,-1.355,topo,2,u,0,0
-84.042,-1.355,-83.209,-1.038,topo,3,u,0,0
-83.209,-1.038,-82.468,-1.23,topo,0,u,0,0
-82.468,-1.23,-81.727,-1.422,topo,1,u,0,0
-81.727,-1.422,-80.987,-1.615,topo,2,u,0,0
-80.987,-1.615,-80.246,-1.73,topo,0,u,0,0
-80.246,-1.73,-79.505,-1.845,topo,1,u,0,0
-79.505,-1.845,-78.765,-1.961,topo,2,u,0,0
-78.765,-1.961,-77.962,-2.134,topo,0,u,0,0
-77.962,-2.134,-77.16,-2.307,topo,1,u,0,0
-77.16,-2.307,-76.337,-2.076,topo,0,u,0,0
-76.337,-2.076,-75.514,-1.845,topo,1,u,0,0
-75.514,-1.845,-74.691,-1.615,topo,2,u,0,0
-74.691,-1.615,-73.981,-1.903,topo,0,u,0,0
-73.981,-1.903,-73.271,-2.192,topo,1,u,0,0
-73.271,-2.192,-72.561,-2.48,topo,2,u,0,0
-72.561,-2.48,-71.851,-2.769,topo,3,u,0,0
-71.851,-2.769,-71.079,-2.884,topo,0,u,0,0
-71.079,-2.884,-70.308,-2.999,topo,1,u,0,0
-70.308,-2.999,-69.536,-3.114,topo,2,u,0,0
-69.536,-3.114,-68.765,-3.23,topo,3,u,0,0
-68.765,-3.23,-68.147,-2.961,topo,0,u,0,0
-68.147,-2.961,-67.53,-2.692,topo,1,u,0,0
-67.53,-2.692,-66.913,-2.423,topo,2,u,0,0
-66.913,-2.423,-66.049,-2.423,topo,0,u,0,0
-66.049,-2.423,-65.185,-2.423,topo,1,u,0,0
-65.185,-2.423,-64.32,-2.019,topo,0,u,0,0
-64.32,-2.019,-63.456,-1.615,topo,1,u,0,0
-63.456,-1.615,-63.086,-2.076,topo,0,u,0,0
-63.086,-2.076,-62.716,-2.538,topo,1,u,0,0
-62.716,-2.538,-62.098,-2.538,topo,0,u,0,0
-62.098,-2.538,-61.481,-2.538,topo,1,u,0,0
-61.481,-2.538,-60.658,-2.961,topo,0,u,0,0
-60.658,-2.961,-59.835,-3.384,topo,1,u,0,0
-59.835,-3.384,-59.012,-3.807,topo,2,u,0,0
-59.012,-3.807,-58.147,-3.576,topo,0,u,0,0
-58.147,-3.576,-57.283,-3.346,topo,1,u,0,0
-57.283,-3.346,-56.449,-3.346,topo,0,u,0,0
-56.449,-3.346,-55.616,-3.346,topo,1,u,0,0
-55.616,-3.346,-54.783,-3.346,topo,2,u,0,0
-54.783,-3.346,-53.95,-3.346,topo,3,u,0,0
-53.95,-3.346,-53.127,-3.48,topo,0,u,0,0
-53.127,-3.48,-52.304,-3.614,topo,1,u,0,0
-52.304,-3.614,-51.481,-3.749,topo,2,u,0,0
-51.481,-3.749,-50.658,-3.884,topo,3,u,0,0
-50.658,-3.884,-49.835,-4.018,topo,4,u,0,0
-49.835,-4.018,-49.012,-4.153,topo,5,u,0,0
-49.012,-4.153,-48.23,-3.845,topo,0,u,0,0
-48.23,-3.845,-47.448,-3.537,topo,1,u,0,0
-47.448,-3.537,-46.666,-3.23,topo,2,u,0,0
-46.666,-3.23,-45.925,-3.576,topo,0,u,0,0
-45.925,-3.576,-45.185,-3.923,topo,1,u,0,0
-45.185,-3.923,-44.32,-3.999,topo,0,u,0,0
-44.32,-3.999,-43.456,-4.076,topo,1,u,0,0
-43.456,-4.076,-42.592,-4.153,topo,2,u,0,0
-42.592,-4.153,-41.933,-3.999,topo,0,u,0,0
-41.933,-3.999,-41.275,-3.845,topo,1,u,0,0
-41.275,-3.845,-40.617,-3.692,topo,2,u,0,0
-40.617,-3.692,-39.753,-3.807,topo,61,u,0,0
-39.753,-3.807,-38.888,-3.749,topo,0,u,0,0
-38.888,-3.749,-38.024,-3.692,topo,1,u,0,0
-38.024,-3.692,-37.283,-3.845,topo,0,u,0,0
-37.283,-3.845,-36.542,-3.999,topo,1,u,0,0
-36.542,-3.999,-35.802,-4.153,topo,2,u,0,0
-35.802,-4.153,-34.938,-4.038,topo,0,u,0,0
-34.938,-4.038,-34.074,-3.923,topo,1,u,0,0
-34.074,-3.923,-33.333,-4.557,topo,0,u,0,0
-33.333,-4.557,-32.592,-5.192,topo,1,u,0,0
-32.592,-5.192,-31.686,-5.038,topo,0,u,0,0
-31.686,-5.038,-30.781,-4.884,topo,1,u,0,0
-30.781,-4.884,-29.876,-4.73,topo,2,u,0,0
-29.876,-4.73,-28.937,-4.66,topo,0,u,0,0
-28.937,-4.66,-27.999,-4.591,topo,1,u,0,0
-27.999,-4.591,-27.061,-4.522,topo,2,u,0,0
-27.061,-4.522,-26.123,-4.453,topo,3,u,0,0
-26.123,-4.453,-25.185,-4.384,topo,4,u,0,0
-25.185,-4.384,-24.246,-4.361,topo,0,u,0,0
-24.246,-4.361,-23.308,-4.338,topo,1,u,0,0
-23.308,-4.338,-22.369,-4.315,topo,2,u,0,0
-22.369,-4.315,-21.431,-4.292,topo,3,u,0,0
-21.431,-4.292,-20.493,-4.269,topo,4,u,0,0
-20.493,-4.269,-19.536,-4.225,topo,0,u,0,0
-19.536,-4.225,-18.579,-4.182,topo,1,u,0,0
-18.579,-4.182,-17.622,-4.139,topo,2,u,0,0
-17.622,-4.139,-16.666,-4.096,topo,3,u,0,0
-16.666,-4.096,-15.709,-4.052,topo,4,u,0,0
-15.709,-4.052,-14.752,-4.009,topo,5,u,0,0
-14.752,-4.009,-13.795,-3.966,topo,6,u,0,0
-13.795,-3.966,-12.839,-3.923,topo,7,u,0,0
-12.839,-3.923,-11.851,-3.903,topo,0,u,0,0
-11.851,-3.903,-10.863,-3.884,topo,1,u,0,0
-10.863,-3.884,-9.876,-3.865,topo,2,u,0,0
-9.876,-3.865,-8.888,-3.845,topo,3,u,0,0
-8.888,-3.845,-7.9,-3.826,topo,4,u,0,0
-7.9,-3.826,-6.913,-3.807,topo,5,u,0,0
-6.913,-3.807,-5.925,-3.823,topo,0,u,0,0
-5.925,-3.823,-4.937,-3.84,topo,1,u,0,0
-4.937,-3.84,-3.95,-3.856,topo,2,u,0,0
-3.95,-3.856,-2.962,-3.873,topo,3,u,0,0
-2.962,-3.873,-1.975,-3.889,topo,4,u,0,0
-1.975,-3.889,-0.987,-3.906,topo,5,u,0,0
-0.987,-3.906,0.0,-3.923,topo,6,u,0,0
-147.777,-0.576,-147.067,-0.037,mbt,0,u,0,0
-147.067,-0.037,-146.357,0.5,mbt,1,u,0,0
-146.357,0.5,-145.647,1.038,mbt,2,u,0,0
-145.647,1.038,-144.937,1.576,mbt,3,u,0,0
-144.937,1.576,-144.227,2.114,mbt,4,u,0,0
-144.227,2.114,-143.517,2.652,mbt,5,u,0,0
-143.517,2.652,-142.807,3.19,mbt,6,u,0,0
-142.807,3.19,-142.098,3.728,mbt,7,u,0,0
-142.098,3.728,-141.141,3.973,mbt,0,u,0,0
-141.141,3.973,-140.184,4.218,mbt,1,u,0,0
-140.184,4.218,-139.227,4.463,mbt,2,u,0,0
-139.227,4.463,-138.271,4.708,mbt,3,u,0,0
-138.271,4.708,-137.314,4.953,mbt,4,u,0,0
-137.314,4.953,-136.357,5.198,mbt,5,u,0,0
-136.357,5.198,-135.4,5.443,mbt,6,u,0,0
-135.4,5.443,-134.444,5.689,mbt,7,u,0,0
-57.283,-3.346,-56.531,-2.715,mct,0,u,0,0
-56.531,-2.715,-55.779,-2.084,mct,1,u,0,0
-55.779,-2.084,-55.028,-1.454,mct,2,u,0,0
-55.028,-1.454,-54.276,-0.823,mct,3,u,0,0
-54.276,-0.823,-53.524,-0.193,mct,4,u,0,0
-53.524,-0.193,-52.773,0.437,mct,5,u,0,0
-52.773,0.437,-52.021,1.067,mct,6,u,0,0
-52.021,1.067,-51.269,1.698,mct,7,u,0,0
-51.269,1.698,-50.518,2.328,mct,8,u,0,0
-50.518,2.328,-49.766,2.959,mct,9,u,0,0
-49.766,2.959,-49.014,3.589,mct,10,u,0,0
-49.014,3.589,-48.263,4.22,mct,11,u,0,0
-48.263,4.22,-47.511,4.85,mct,12,u,0,0
-47.511,4.85,-46.759,5.481,mct,13,u,0,0
-46.759,5.481,-46.008,6.112,mct,14,u,0,0
-46.008,6.112,-45.487,6.952,mct,0,u,0,0
-45.487,6.952,-44.967,7.793,mct,1,u,0,0
-44.967,7.793,-44.447,8.634,mct,2,u,0,0
-44.447,8.634,-43.926,9.474,mct,3,u,0,0
-43.926,9.474,-43.406,10.315,mct,4,u,0,0
-43.406,10.315,-42.886,11.156,mct,5,u,0,0
-42.886,11.156,-42.366,11.997,mct,6,u,0,0
-42.366,11.997,-41.845,12.837,mct,7,u,0,0
-41.845,12.837,-41.325,13.678,mct,8,u,0,0
-41.325,13.678,-40.805,14.519,mct,9,u,0,0
-40.805,14.519,-40.284,15.359,mct,10,u,0,0
-40.284,15.359,-39.764,16.2,mct,11,u,0,0
-39.764,16.2,-39.244,17.041,mct,12,u,0,0
-39.244,17.041,-38.724,17.882,mct,13,u,0,0
-38.724,17.882,-37.948,18.475,mct,0,u,0,0
-37.948,18.475,-37.172,19.068,mct,1,u,0,0
-37.172,19.068,-36.396,19.662,mct,2,u,0,0
-36.396,19.662,-35.62,20.255,mct,3,u,0,0
-35.62,20.255,-34.844,20.849,mct,4,u,0,0
-34.844,20.849,-34.068,21.442,mct,5,u,0,0
-34.068,21.442,-33.292,22.036,mct,6,u,0,0
-33.292,22.036,-32.386,22.444,mct,0,u,0,0
-32.386,22.444,-31.481,22.852,mct,1,u,0,0
-31.481,22.852,-30.575,23.26,mct,2,u,0,0
-30.575,23.26,-29.67,23.668,mct,3,u,0,0
-29.67,23.668,-28.765,24.076,mct,4,u,0,0
-28.765,24.076,-27.859,24.484,mct,5,u,0,0
-27.859,24.484,-26.954,24.892,mct,6,u,0,0
-26.954,24.892,-26.049,25.3,mct,7,u,0,0
-26.049,25.3,-25.143,25.708,mct,8,u,0,0
-25.143,25.708,-24.238,26.116,mct,9,u,0,0
-24.238,26.116,-23.333,26.524,mct,10,u,0,0
-23.333,26.524,-22.427,26.932,mct,11,u,0,0
-22.427,26.932,-21.522,27.34,mct,12,u,0,0
-21.522,27.34,-20.617,27.748,mct,13,u,0,0
-20.617,27.748,-19.711,28.156,mct,14,u,0,0
-19.711,28.156,-18.806,28.564,mct,15,u,0,0
-18.806,28.564,-17.901,28.972,mct,16,u,0,0
-17.901,28.972,-16.995,29.38,mct,17,u,0,0
-16.995,29.38,-16.09,29.788,mct,18,u,0,0
-16.09,29.788,-15.185,30.196,mct,19,u,0,0
-15.185,30.196,-14.279,30.604,mct,20,u,0,0
-14.279,30.604,-13.374,31.012,mct,21,u,0,0
-13.374,31.012,-12.469,31.42,mct,22,u,0,0
-45.185,27.728,-46.172,27.619,base,0,u,0,0
-46.172,27.619,-47.16,27.511,base,1,u,0,0
-47.16,27.511,-48.147,27.403,base,2,u,0,0
-48.147,27.403,-49.135,27.295,base,3,u,0,0
-49.135,27.295,-50.123,27.187,base,4,u,0,0
-50.123,27.187,-51.11,27.078,base,5,u,0,0
-51.11,27.078,-52.098,26.97,base,6,u,0,0
-52.098,26.97,-53.086,26.862,base,7,u,0,0
-53.086,26.862,-54.073,26.754,base,8,u,0,0
-54.073,26.754,-55.061,26.646,base,9,u,0,0
-55.061,26.646,-56.049,26.538,base,10,u,0,0
-56.049,26.538,-57.036,26.429,base,11,u,0,0
-57.036,26.429,-58.024,26.321,base,12,u,0,0
-58.024,26.321,-59.012,26.213,base,13,u,0,0
-59.012,26.213,-59.999,26.105,base,14,u,0,0
-59.999,26.105,-60.987,25.997,base,15,u,0,0
-60.987,25.997,-61.975,25.889,base,16,u,0,0
-61.975,25.889,-62.962,25.78,base,17,u,0,0
-62.962,25.78,-63.95,25.672,base,18,u,0,0
-63.95,25.672,-64.937,25.564,base,19,u,0,0
-64.937,25.564,-65.925,25.456,base,20,u,0,0
-65.925,25.456,-66.913,25.348,base,21,u,0,0
-66.913,25.348,-67.9,25.239,base,22,u,0,0
-67.9,25.239,-68.888,25.131,base,23,u,0,0
-68.888,25.131,-69.876,25.023,base,24,u,0,0
-69.876,25.023,-70.863,24.915,base,25,u,0,0
-70.863,24.915,-71.851,24.807,base,26,u,0,0
-71.851,24.807,-72.839,24.699,base,27,u,0,0
-72.839,24.699,-73.826,24.59,base,28,u,0,0
-73.826,24.59,-74.814,24.482,base,29,u,0,0
-74.814,24.482,-75.802,24.374,base,30,u,0,0
-75.802,24.374,-76.789,24.266,base,31,u,0,0
-76.789,24.266,-77.777,24.158,base,32,u,0,0
-77.777,24.158,-78.765,24.05,base,33,u,0,0
-78.765,24.05,-79.752,23.941,base,34,u,0,0
-79.752,23.941,-80.74,23.833,base,35,u,0,0
-80.74,23.833,-81.727,23.725,base,36,u,0,0
-81.727,23.725,-82.715,23.617,base,37,u,0,0
-82.715,23.617,-83.703,23.509,base,38,u,0,0
-83.703,23.509,-84.69,23.4,base,39,u,0,0
-84.69,23.4,-85.678,23.292,base,40,u,0,0
-85.678,23.292,-86.666,23.184,base,41,u,0,0
-86.666,23.184,-87.653,23.076,base,42,u,0,0
-87.653,23.076,-88.641,22.968,base,43,u,0,0
-88.641,22.968,-89.629,22.86,base,44,u,0,0
-89.629,22.86,-90.616,22.751,base,45,u,0,0
-90.616,22.751,-91.604,22.643,base,46,u,0,0
-91.604,22.643,-92.592,22.535,base,47,u,0,0
-92.592,22.535,-93.579,22.427,base,48,u,0,0
-93.579,22.427,-94.567,22.319,base,49,u,0,0
-94.567,22.319,-95.555,22.211,base,50,u,0,0
-95.555,22.211,-96.542,22.102,base,51,u,0,0
-96.542,22.102,-97.53,21.994,base,52,u,0,0
-97.53,21.994,-98.518,21.886,base,53,u,0,0
-98.518,21.886,-99.505,21.778,base,54,u,0,0
-99.505,21.778,-100.493,21.67,base,55,u,0,0
-100.493,21.67,-101.48,21.561,base,56,u,0,0
-101.48,21.561,-102.468,21.453,base,57,u,0,0
-102.468,21.453,-103.456,21.345,base,58,u,0,0
-103.456,21.345,-104.443,21.237,base,59,u,0,0
-104.443,21.237,-105.431,21.129,base,60,u,0,0
-105.431,21.129,-106.419,21.021,base,61,u,0,0
-106.419,21.021,-107.406,20.912,base,62,u,0,0
-107.406,20.912,-108.394,20.804,base,63,u,0,0
-108.394,20.804,-109.382,20.696,base,64,u,0,0
-109.382,20.696,-110.369,20.588,base,65,u,0,0
-110.369,20.588,-111.357,20.48,base,66,u,0,0
-111.357,20.48,-112.345,20.372,base,67,u,0,0
-112.345,20.372,-113.332,20.263,base,68,u,0,0
-113.332,20.263,-114.32,20.155,base,69,u,0,0
-114.32,20.155,-115.308,20.047,base,70,u,0,0
-115.308,20.047,-116.295,19.939,base,71,u,0,0
-116.295,19.939,-117.283,19.831,base,72,u,0,0
-117.283,19.831,-118.27,19.722,base,73,u,0,0
-118.27,19.722,-119.258,19.614,base,74,u,0,0
-119.258,19.614,-120.246,19.506,base,75,u,0,0
-120.246,19.506,-121.233,19.398,base,76,u,0,0
-121.233,19.398,-122.221,19.29,base,77,u,0,0
-122.221,19.29,-123.209,19.182,base,78,u,0,0
-123.209,19.182,-124.196,19.073,base,79,u,0,0
-124.196,19.073,-125.184,18.965,base,80,u,0,0
-125.184,18.965,-126.172,18.857,base,81,u,0,0
-126.172,18.857,-127.159,18.749,base,82,u,0,0
-127.159,18.749,-128.147,18.641,base,83,u,0,0
-128.147,18.641,-129.135,18.533,base,84,u,0,0
-129.135,18.533,-130.122,18.424,base,85,u,0,0
-130.122,18.424,-131.11,18.316,base,86,u,0,0
-131.11,18.316,-132.098,18.208,base,87,u,0,0
-132.098,18.208,-133.085,18.1,base,88,u,0,0
-133.085,18.1,-134.073,17.992,base,89,u,0,0
-134.073,17.992,-135.061,17.884,base,90,u,0,0
-135.061,17.884,-136.036,17.851,base,0,u,0,0
-136.036,17.851,-137.012,17.818,base,1,u,0,0
-137.012,17.818,-137.988,17.785,base,2,u,0,0
-137.988,17.785,-138.964,17.752,base,3,u,0,0
-138.964,17.752,-139.94,17.719,base,4,u,0,0
-139.94,17.719,-140.916,17.686,base,5,u,0,0
-140.916,17.686,-141.892,17.653,base,6,u,0,0
-141.892,17.653,-142.868,17.62,base,7,u,0,0
-142.868,17.62,-143.844,17.587,base,8,u,0,0
-143.844,17.587,-144.82,17.554,base,9,u,0,0
-144.82,17.554,-145.795,17.521,base,10,u,0,0
-145.795,17.521,-146.771,17.488,base,11,u,0,0
-146.771,17.488,-147.747,17.455,base,12,u,0,0
-147.747,17.455,-148.723,17.422,base,13,u,0,0
-148.723,17.422,-149.699,17.389,base,14,u,0,0
-149.699,17.389,-150.675,17.356,base,15,u,0,0
-150.675,17.356,-151.651,17.323,base,16,u,0,0
-151.651,17.323,-152.627,17.29,base,17,u,0,0
-152.627,17.29,-153.603,17.257,base,18,u,0,0
-153.603,17.257,-154.579,17.224,base,19,u,0,0
-154.579,17.224,-155.555,17.192,base,20,u,0,0
-155.555,17.192,-156.53,17.159,base,21,u,0,0
-156.53,17.159,-157.506,17.126,base,22,u,0,0
-157.506,17.126,-158.482,17.093,base,23,u,0,0
-158.482,17.093,-159.458,17.06,base,24,u,0,0
-159.458,17.06,-160.434,17.027,base,25,u,0,0
-160.434,17.027,-161.41,16.994,base,26,u,0,0
-161.41,16.994,-162.386,16.961,base,27,u,0,0
-162.386,16.961,-163.362,16.928,base,28,u,0,0
-163.362,16.928,-164.338,16.895,base,29,u,0,0
-164.338,16.895,-165.314,16.862,base,30,u,0,0
-165.314,16.862,-166.289,16.829,base,31,u,0,0
-166.289,16.829,-167.265,16.796,base,32,u,0,0
-167.265,16.796,-168.241,16.763,base,33,u,0,0
-168.241,16.763,-169.217,16.73,base,34,u,0,0
-169.217,16.73,-170.193,16.697,base,35,u,0,0
-170.193,16.697,-171.169,16.664,base,36,u,0,0
-171.169,16.664,-172.145,16.631,base,37,u,0,0
-172.145,16.631,-173.121,16.598,base,38,u,0,0
-173.121,16.598,-174.097,16.565,base,39,u,0,0
-174.097,16.565,-175.073,16.532,base,40,u,0,0
-175.073,16.532,-176.049,16.5,base,41,u,0,0
-176.049,16.5,-177.042,16.5,base,0,u,0,0
-177.042,16.5,-178.035,16.5,base,1,u,0,0
-178.035,16.5,-179.028,16.5,base,2,u,0,0
-179.028,16.5,-180.021,16.5,base,3,u,0,0
-180.021,16.5,-181.014,16.5,base,4,u,0,0
-181.014,16.5,-182.007,16.5,base,5,u,0,0
-182.007,16.5,-183.0,16.5,base,6,u,0,0
-169.382,0.0,-168.463,0.312,ramp_mft,0,u,0,0
-168.463,0.312,-167.545,0.624,ramp_mft,1,u,0,0
-167.545,0.624,-166.627,0.936,ramp_mft,2,u,0,0
-166.627,0.936,-165.709,1.249,ramp_mft,3,u,0,0
-165.709,1.249,-164.791,1.561,ramp_mft,4,u,0,0
-164.791,1.561,-163.872,1.873,ramp_mft,5,u,0,0
-163.872,1.873,-162.954,2.186,ramp_mft,6,u,0,0
-162.954,2.186,-162.036,2.498,ramp_mft,7,u,0,0
-162.036,2.498,-161.118,2.81,ramp_mft,8,u,0,0
-161.118,2.81,-160.2,3.123,ramp_mft,9,u,0,0
-160.2,3.123,-159.281,3.435,ramp_mft,10,u,0,0
-159.281,3.435,-158.363,3.747,ramp_mft,11,u,0,0
-158.363,3.747,-157.445,4.06,ramp_mft,12,u,0,0
-157.445,4.06,-156.527,4.372,ramp_mft,13,u,0,0
-156.527,4.372,-155.609,4.684,ramp_mft,14,u,0,0
-155.609,4.684,-154.691,4.997,ramp_mft,15,u,0,0
-154.691,4.997,-153.711,5.035,ramp_mft,0,u,0,0
-153.711,5.035,-152.732,5.073,ramp_mft,1,u,0,0
-152.732,5.073,-151.752,5.112,ramp_mft,2,u,0,0
-151.752,5.112,-150.773,5.15,ramp_mft,3,u,0,0
-150.773,5.15,-149.794,5.189,ramp_mft,4,u,0,0
-149.794,5.189,-148.814,5.227,ramp_mft,5,u,0,0
-148.814,5.227,-147.835,5.266,ramp_mft,6,u,0,0
-147.835,5.266,-146.855,5.304,ramp_mft,7,u,0,0
-146.855,5.304,-145.876,5.343,ramp_mft,8,u,0,0
-145.876,5.343,-144.897,5.381,ramp_mft,9,u,0,0
-144.897,5.381,-143.917,5.42,ramp_mft,10,u,0,0
-143.917,5.42,-142.938,5.458,ramp_mft,11,u,0,0
-142.938,5.458,-141.958,5.497,ramp_mft,12,u,0,0
-141.958,5.497,-140.979,5.535,ramp_mft,13,u,0,0
-140.979,5.535,-140.0,5.574,ramp_mft,14,u,0,0
-140.0,5.574,-139.074,5.593,ramp_mft,0,u,0,0
-139.074,5.593,-138.148,5.612,ramp_mft,1,u,0,0
-138.148,5.612,-137.221,5.631,ramp_mft,2,u,0,0
-137.221,5.631,-136.296,5.65,ramp_mft,3,u,0,0
-136.296,5.65,-135.37,5.669,ramp_mft,4,u,0,0
-135.37,5.669,-134.444,5.689,ramp_mft,5,u,0,0
-134.444,5.689,-133.481,5.775,ramp_mft,0,u,0,0
-133.481,5.775,-132.518,5.862,ramp_mft,1,u,0,0
-132.518,5.862,-131.555,5.948,ramp_mft,2,u,0,0
-131.555,5.948,-130.592,6.035,ramp_mft,3,u,0,0
-130.592,6.035,-129.629,6.121,ramp_mft,4,u,0,0
-129.629,6.121,-128.666,6.208,ramp_mft,5,u,0,0
-128.666,6.208,-127.703,6.294,ramp_mft,6,u,0,0
-127.703,6.294,-126.74,6.381,ramp_mft,7,u,0,0
-126.74,6.381,-125.777,6.467,ramp_mft,8,u,0,0
-125.777,6.467,-124.814,6.554,ramp_mft,9,u,0,0
-124.814,6.554,-123.851,6.641,ramp_mft,10,u,0,0
-123.851,6.641,-122.888,6.727,ramp_mft,11,u,0,0
-122.888,6.727,-121.925,6.814,ramp_mft,12,u,0,0
-121.925,6.814,-120.962,6.9,ramp_mft,13,u,0,0
-120.962,6.9,-119.999,6.987,ramp_mft,14,u,0,0
-119.999,6.987,-119.036,7.073,ramp_mft,15,u,0,0
-119.036,7.073,-118.073,7.16,ramp_mft,16,u,0,0
-118.073,7.16,-117.11,7.246,ramp_mft,17,u,0,0
-117.11,7.246,-116.147,7.333,ramp_mft,18,u,0,0
-116.147,7.333,-115.185,7.42,ramp_mft,19,u,0,0
-115.185,7.42,-114.305,7.809,ramp_mft,0,u,0,0
-114.305,7.809,-113.425,8.199,ramp_mft,1,u,0,0
-113.425,8.199,-112.546,8.588,ramp_mft,2,u,0,0
-112.546,8.588,-111.666,8.978,ramp_mft,3,u,0,0
-111.666,8.978,-110.786,9.367,ramp_mft,4,u,0,0
-110.786,9.367,-109.907,9.757,ramp_mft,5,u,0,0
-109.907,9.757,-109.027,10.146,ramp_mft,6,u,0,0
-109.027,10.146,-108.148,10.536,ramp_mft,7,u,0,0
-108.148,10.536,-107.18,10.641,ramp_mft,0,u,0,0
-107.18,10.641,-106.213,10.747,ramp_mft,1,u,0,0
-106.213,10.747,-105.246,10.853,ramp_mft,2,u,0,0
-105.246,10.853,-104.279,10.959,ramp_mft,3,u,0,0
-104.279,10.959,-103.312,11.064,ramp_mft,4,u,0,0
-103.312,11.064,-102.345,11.17,ramp_mft,5,u,0,0
-102.345,11.17,-101.378,11.276,ramp_mft,6,u,0,0
-101.378,11.276,-100.411,11.382,ramp_mft,7,u,0,0
-100.411,11.382,-99.444,11.487,ramp_mft,8,u,0,0
-99.444,11.487,-98.477,11.593,ramp_mft,9,u,0,0
-98.477,11.593,-97.51,11.699,ramp_mft,10,u,0,0
-97.51,11.699,-96.542,11.805,ramp_mft,11,u,0,0
-96.542,11.805,-95.575,11.91,ramp_mft,12,u,0,0
-95.575,11.91,-94.608,12.016,ramp_mft,13,u,0,0
-94.608,12.016,-93.641,12.122,ramp_mft,14,u,0,0
-93.641,12.122,-92.674,12.228,ramp_mft,15,u,0,0
-92.674,12.228,-91.707,12.333,ramp_mft,16,u,0,0
-91.707,12.333,-90.74,12.439,ramp_mft,17,u,0,0
-90.74,12.439,-89.773,12.545,ramp_mft,18,u,0,0
-89.773,12.545,-88.806,12.651,ramp_mft,19,u,0,0
-88.806,12.651,-87.839,12.756,ramp_mft,20,u,0,0
-87.839,12.756,-86.872,12.862,ramp_mft,21,u,0,0
-86.872,12.862,-85.905,12.968,ramp_mft,22,u,0,0
-85.905,12.968,-84.937,13.074,ramp_mft,23,u,0,0
-84.937,13.074,-83.97,13.179,ramp_mft,24,u,0,0
-83.97,13.179,-83.003,13.285,ramp_mft,25,u,0,0
-83.003,13.285,-82.036,13.391,ramp_mft,26,u,0,0
-82.036,13.391,-81.069,13.497,ramp_mft,27,u,0,0
-81.069,13.497,-80.102,13.602,ramp_mft,28,u,0,0
-80.102,13.602,-79.135,13.708,ramp_mft,29,u,0,0
-79.135,13.708,-78.168,13.814,ramp_mft,30,u,0,0
-78.168,13.814,-77.201,13.92,ramp_mft,31,u,0,0
-77.201,13.92,-76.234,14.025,ramp_mft,32,u,0,0
-76.234,14.025,-75.267,14.131,ramp_mft,33,u,0,0
-75.267,14.131,-74.3,14.237,ramp_mft,34,u,0,0
-74.3,14.237,-73.333,14.343,ramp_mft,35,u,0,0
-73.333,14.343,-72.453,14.761,ramp_mft,0,u,0,0
-72.453,14.761,-71.573,15.179,ramp_mft,1,u,0,0
-71.573,15.179,-70.694,15.597,ramp_mft,2,u,0,0
-70.694,15.597,-69.814,16.016,ramp_mft,3,u,0,0
-69.814,16.016,-68.934,16.434,ramp_mft,4,u,0,0
-68.934,16.434,-68.055,16.852,ramp_mft,5,u,0,0
-68.055,16.852,-67.175,17.27,ramp_mft,6,u,0,0
-67.175,17.27,-66.295,17.689,ramp_mft,7,u,0,0
-66.295,17.689,-65.416,18.107,ramp_mft,8,u,0,0
-65.416,18.107,-64.536,18.525,ramp_mft,9,u,0,0
-64.536,18.525,-63.657,18.944,ramp_mft,10,u,0,0
-63.657,18.944,-62.777,19.362,ramp_mft,11,u,0,0
-62.777,19.362,-61.897,19.78,ramp_mft,12,u,0,0
-61.897,19.78,-61.018,20.198,ramp_mft,13,u,0,0
-61.018,20.198,-60.138,20.617,ramp_mft,14,u,0,0
-60.138,20.617,-59.259,21.035,ramp_mft,15,u,0,0
-59.259,21.035,-58.379,21.453,ramp_mft,16,u,0,0
-58.379,21.453,-57.499,21.872,ramp_mft,17,u,0,0
-57.499,21.872,-56.62,22.29,ramp_mft,18,u,0,0
-56.62,22.29,-55.74,22.708,ramp_mft,19,u,0,0
-55.74,22.708,-54.86,23.126,ramp_mft,20,u,0,0
-54.86,23.126,-53.981,23.545,ramp_mft,21,u,0,0
-53.981,23.545,-53.101,23.963,ramp_mft,22,u,0,0
-53.101,23.963,-52.222,24.381,ramp_mft,23,u,0,0
-52.222,24.381,-51.342,24.8,ramp_mft,24,u,0,0
-51.342,24.8,-50.462,25.218,ramp_mft,25,u,0,0
-50.462,25.218,-49.583,25.636,ramp_mft,26,u,0,0
-49.583,25.636,-48.703,26.054,ramp_mft,27,u,0,0
-48.703,26.054,-47.823,26.473,ramp_mft,28,u,0,0
-47.823,26.473,-46.944,26.891,ramp_mft,29,u,0,0
-46.944,26.891,-46.064,27.309,ramp_mft,30,u,0,0
-46.064,27.309,-45.185,27.728,ramp_mft,31,u,0,0
-45.185,27.728,-44.193,27.839,ramp_mft,0,u,0,0
-44.193,27.839,-43.202,27.951,ramp_mft,1,u,0,0
-43.202,27.951,-42.21,28.063,ramp_mft,2,u,0,0
-42.21,28.063,-41.219,28.175,ramp_mft,3,u,0,0
-41.219,28.175,-40.228,28.287,ramp_mft,4,u,0,0
-40.228,28.287,-39.236,28.399,ramp_mft,5,u,0,0
-39.236,28.399,-38.245,28.511,ramp_mft,6,u,0,0
-38.245,28.511,-37.253,28.623,ramp_mft,7,u,0,0
-37.253,28.623,-36.262,28.734,ramp_mft,8,u,0,0
-36.262,28.734,-35.271,28.846,ramp_mft,9,u,0,0
-35.271,28.846,-34.279,28.958,ramp_mft,10,u,0,0
-34.279,28.958,-33.288,29.07,ramp_mft,11,u,0,0
-33.288,29.07,-32.296,29.182,ramp_mft,12,u,0,0
-32.296,29.182,-31.305,29.294,ramp_mft,13,u,0,0
-31.305,29.294,-30.314,29.406,ramp_mft,14,u,0,0
-30.314,29.406,-29.322,29.518,ramp_mft,15,u,0,0
-29.322,29.518,-28.331,29.629,ramp_mft,16,u,0,0
-28.331,29.629,-27.339,29.741,ramp_mft,17,u,0,0
-27.339,29.741,-26.348,29.853,ramp_mft,18,u,0,0
-26.348,29.853,-25.357,29.965,ramp_mft,19,u,0,0
-25.357,29.965,-24.365,30.077,ramp_mft,20,u,0,0
-24.365,30.077,-23.374,30.189,ramp_mft,21,u,0,0
-23.374,30.189,-22.382,30.301,ramp_mft,22,u,0,0
-22.382,30.301,-21.391,30.413,ramp_mft,23,u,0,0
-21.391,30.413,-20.4,30.524,ramp_mft,24,u,0,0
-20.4,30.524,-19.408,30.636,ramp_mft,25,u,0,0
-19.408,30.636,-18.417,30.748,ramp_mft,26,u,0,0
-18.417,30.748,-17.425,30.86,ramp_mft,27,u,0,0
-17.425,30.86,-16.434,30.972,ramp_mft,28,u,0,0
-16.434,30.972,-15.443,31.084,ramp_mft,29,u,0,0
-15.443,31.084,-14.451,31.196,ramp_mft,30,u,0,0
-14.451,31.196,-13.46,31.308,ramp_mft,31,u,0,0
-13.46,31.308,-12.469,31.42,ramp_mft,32,u,0,0
-12.469,31.42,-11.509,31.526,ramp_mft,0,u,0,0
-11.509,31.526,-10.55,31.633,ramp_mft,1,u,0,0
-10.55,31.633,-9.591,31.739,ramp_mft,2,u,0,0
-9.591,31.739,-8.632,31.846,ramp_mft,3,u,0,0
-8.632,31.846,-7.673,31.952,ramp_mft,4,u,0,0
-7.673,31.952,-6.714,32.059,ramp_mft,5,u,0,0
-6.714,32.059,-5.754,32.165,ramp_mft,6,u,0,0
-5.754,32.165,-4.795,32.272,ramp_mft,7,u,0,0
-4.795,32.272,-3.836,32.378,ramp_mft,8,u,0,0
-3.836,32.378,-2.877,32.485,ramp_mft,9,u,0,0
-2.877,32.485,-1.918,32.591,ramp_mft,10,u,0,0
-1.918,32.591,-0.959,32.698,ramp_mft,11,u,0,0
-0.959,32.698,0.0,32.805,ramp_mft,12,u,0,0
-183.0,16.5,-183.0,15.542,left_edge,0,u,0,0
-183.0,15.542,-183.0,14.585,left_edge,1,u,0,0
-183.0,14.585,-183.0,13.628,left_edge,2,u,0,0
-183.0,13.628,-183.0,12.671,left_edge,3,u,0,0
-183.0,12.671,-183.0,11.714,left_edge,4,u,0,0
-183.0,11.714,-183.0,10.757,left_edge,5,u,0,0
-183.0,10.757,-183.0,9.8,left_edge,6,u,0,0
-183.0,9.8,-183.0,8.843,left_edge,7,u,0,0
-183.0,8.843,-183.0,7.886,left_edge,8,u,0,0
-183.0,7.886,-183.0,6.929,left_edge,9,u,0,0
-183.0,6.929,-183.0,5.972,left_edge,10,u,0,0
-183.0,5.972,-183.0,5.015,left_edge,11,u,0,0
-183.0,5.015,-183.0,4.058,left_edge,12,u,0,0
-183.0,4.058,-183.0,3.101,left_edge,13,u,0,0
-183.0,3.101,-183.0,2.144,left_edge,14,u,0,0
-183.0,2.144,-183.0,1.187,left_edge,15,u,0,0
-183.0,1.187,-183.0,0.23,left_edge,16,u,0,0
0.0,32.805,0.0,31.812,right_edge,0,u,0,0
0.0,31.812,0.0,30.819,right_edge,1,u,0,0
0.0,30.819,0.0,29.827,right_edge,2,u,0,0
0.0,29.827,0.0,28.834,right_edge,3,u,0,0
0.0,28.834,0.0,27.841,right_edge,4,u,0,0
0.0,27.841,0.0,26.849,right_edge,5,u,0,0
0.0,26.849,0.0,25.856,right_edge,6,u,0,0
0.0,25.856,0.0,24.863,right_edge,7,u,0,0
0.0,24.863,0.0,23.871,right_edge,8,u,0,0
0.0,23.871,0.0,22.878,right_edge,9,u,0,0
0.0,22.878,0.0,21.885,right_edge,10,u,0,0
0.0,21.885,0.0,20.893,right_edge,11,u,0,0
0.0,20.893,0.0,19.9,right_edge,12,u,0,0
0.0,19.9,0.0,18.907,right_edge,13,u,0,0
0.0,18.907,0.0,17.915,right_edge,14,u,0,0
0.0,17.915,0.0,16.922,right_edge,15,u,0,0
0.0,16.922,0.0,15.929,right_edge,16,u,0,0
0.0,15.929,0.0,14.937,right_edge,17,u,0,0
0.0,14.937,0.0,13.944,right_edge,18,u,0,0
0.0,13.944,0.0,12.952,right_edge,19,u,0,0
0.0,12.952,0.0,11.959,right_edge,20,u,0,0
0.0,11.959,0.0,10.966,right_edge,21,u,0,0
0.0,10.966,0.0,9.974,right_edge,22,u,0,0
0.0,9.974,0.0,8.981,right_edge,23,u,0,0
0.0,8.981,0.0,7.988,right_edge,24,u,0,0
0.0,7.988,0.0,6.996,right_edge,25,u,0,0
0.0,6.996,0.0,6.003,right_edge,26,u,0,0
0.0,6.003,0.0,5.01,right_edge,27,u,0,0
0.0,5.01,0.0,4.018,right_edge,28,u,0,0
0.0,4.018,0.0,3.025,right_edge,29,u,0,0
0.0,3.025,0.0,2.032,right_edge,30,u,0,0
0.0,2.032,0.0,1.04,right_edge,31,u,0,0
0.0,1.04,0.0,0.047,right_edge,32,u,0,0
0.0,0.047,0.0,-0.945,right_edge,33,u,0,0
0.0,-0.945,0.0,-1.937,right_edge,34,u,0,0
0.0,-1.937,0.0,-2.93,right_edge,35,u,0,0
0.0,-2.93,0.0,-3.923,right_edge,36,u,0,0
