x1,y1,x2,y2,collection,name,bc_type_x,bc_x,bc_type_y,bc_y
-183.0,-0.23,-181.48666666666668,-0.20433333333333334,topo,0,t_local,0,t_local,0
-181.48666666666668,-0.20433333333333334,-179.97333333333333,-0.17866666666666667,topo,1,t_local,0,t_local,0
-179.97333333333333,-0.17866666666666667,-178.46,-0.153,topo,2,t_local,0,t_local,0
-178.46,-0.153,-176.947,-0.12733333333333333,topo,0,t_local,0,t_local,0
-176.947,-0.12733333333333333,-175.434,-0.10166666666666666,topo,1,t_local,0,t_local,0
-175.434,-0.10166666666666666,-173.921,-0.076,topo,2,t_local,0,t_local,0
-173.921,-0.076,-172.408,-0.050666666666666665,topo,0,t_local,0,t_local,0
-172.408,-0.050666666666666665,-170.895,-0.025333333333333333,topo,1,t_local,0,t_local,0
-170.895,-0.025333333333333333,-169.382,0.0,topo,2,t_local,0,t_local,0
-169.382,0.0,-168.14733333333334,0.07666666666666667,topo,0,t_local,0,t_local,0
-168.14733333333334,0.07666666666666667,-166.91266666666667,0.15333333333333335,topo,1,t_local,0,t_local,0
-166.91266666666667,0.15333333333333335,-165.678,0.23,topo,2,t_local,0,t_local,0
-165.678,0.23,-164.44366666666667,0.307,topo,0,t_local,0,t_local,0
-164.44366666666667,0.307,-163.20933333333332,0.384,topo,1,t_local,0,t_local,0
-163.20933333333332,0.384,-161.975,0.461,topo,2,t_local,0,t_local,0
-161.975,0.461,-161.152,0.49933333333333335,topo,0,t_local,0,t_local,0
-161.152,0.49933333333333335,-160.329,0.5376666666666666,topo,1,t_local,0,t_local,0
-160.329,0.5376666666666666,-159.506,0.576,topo,2,t_local,0,t_local,0
-159.506,0.576,-159.21766666666667,0.6146666666666666,topo,0,t_local,0,t_local,0
-159.21766666666667,0.6146666666666666,-158.92933333333332,0.6533333333333333,topo,1,t_local,0,t_local,0
-158.92933333333332,0.6533333333333333,-158.641,0.692,topo,2,t_local,0,t_local,0
-158.641,0.692,-157.65366666666665,0.5379999999999999,topo,0,t_local,0,t_local,0
-157.65366666666665,0.5379999999999999,-156.66633333333334,0.38399999999999995,topo,1,t_local,0,t_local,0
-156.66633333333334,0.38399999999999995,-155.679,0.23,topo,2,t_local,0,t_local,0
-155.679,0.23,-154.362,0.23,topo,0,t_local,0,t_local,0
-154.362,0.23,-153.04500000000002,0.23,topo,1,t_local,0,t_local,0
-153.04500000000002,0.23,-151.728,0.23,topo,2,t_local,0,t_local,0
-151.728,0.23,-151.193,0.19166666666666668,topo,0,t_local,0,t_local,0
-151.193,0.19166666666666668,-150.658,0.15333333333333332,topo,1,t_local,0,t_local,0
-150.658,0.15333333333333332,-150.123,0.115,topo,2,t_local,0,t_local,0
-150.123,0.115,-149.34099999999998,0.26866666666666666,topo,0,t_local,0,t_local,0
-149.34099999999998,0.26866666666666666,-148.559,0.4223333333333333,topo,1,t_local,0,t_local,0
-148.559,0.4223333333333333,-147.777,0.576,topo,2,t_local,0,t_local,0
-147.777,0.576,-147.44799999999998,0.576,topo,0,t_local,0,t_local,0
-147.44799999999998,0.576,-147.119,0.576,topo,1,t_local,0,t_local,0
-147.119,0.576,-146.79,0.576,topo,2,t_local,0,t_local,0
-146.79,0.576,-146.255,0.6146666666666666,topo,0,t_local,0,t_local,0
-146.255,0.6146666666666666,-145.72,0.6533333333333333,topo,1,t_local,0,t_local,0
-145.72,0.6533333333333333,-145.185,0.692,topo,2,t_local,0,t_local,0
-145.185,0.692,-144.77333333333334,0.8456666666666667,topo,0,t_local,0,t_local,0
-144.77333333333334,0.8456666666666667,-144.36166666666665,0.9993333333333334,topo,1,t_local,0,t_local,0
-144.36166666666665,0.9993333333333334,-143.95,1.153,topo,2,t_local,0,t_local,0
-143.95,1.153,-143.374,1.153,topo,0,t_local,0,t_local,0
-143.374,1.153,-142.798,1.153,topo,1,t_local,0,t_local,0
-142.798,1.153,-142.222,1.153,topo,2,t_local,0,t_local,0
-142.222,1.153,-141.76933333333335,0.9606666666666667,topo,0,t_local,0,t_local,0
-141.76933333333335,0.9606666666666667,-141.31666666666666,0.7683333333333333,topo,1,t_local,0,t_local,0
-141.31666666666666,0.7683333333333333,-140.864,0.576,topo,2,t_local,0,t_local,0
-140.864,0.576,-140.041,0.6916666666666667,topo,0,t_local,0,t_local,0
-140.041,0.6916666666666667,-139.21800000000002,0.8073333333333333,topo,1,t_local,0,t_local,0
-139.21800000000002,0.8073333333333333,-138.395,0.923,topo,2,t_local,0,t_local,0
-138.395,0.923,-137.901,1.0766666666666667,topo,0,t_local,0,t_local,0
-137.901,1.0766666666666667,-137.407,1.2303333333333333,topo,1,t_local,0,t_local,0
-137.407,1.2303333333333333,-136.913,1.384,topo,2,t_local,0,t_local,0
-136.913,1.384,-136.25466666666668,1.538,topo,0,t_local,0,t_local,0
-136.25466666666668,1.538,-135.59633333333332,1.692,topo,1,t_local,0,t_local,0
-135.59633333333332,1.692,-134.938,1.846,topo,2,t_local,0,t_local,0
-134.938,1.846,-134.60866666666666,1.8843333333333334,topo,0,t_local,0,t_local,0
-134.60866666666666,1.8843333333333334,-134.2793333333333,1.9226666666666667,topo,1,t_local,0,t_local,0
-134.2793333333333,1.9226666666666667,-133.95,1.961,topo,2,t_local,0,t_local,0
-133.95,1.961,-132.46866666666665,1.9226666666666667,topo,0,t_local,0,t_local,0
-132.46866666666665,1.9226666666666667,-130.98733333333334,1.8843333333333334,topo,1,t_local,0,t_local,0
-130.98733333333334,1.8843333333333334,-129.506,1.846,topo,2,t_local,0,t_local,0
-129.506,1.846,-129.17666666666668,1.9226666666666667,topo,0,t_local,0,t_local,0
-129.17666666666668,1.9226666666666667,-128.84733333333332,1.9993333333333334,topo,1,t_local,0,t_local,0
-128.84733333333332,1.9993333333333334,-128.518,2.076,topo,2,t_local,0,t_local,0
-128.518,2.076,-127.32466666666667,1.6916666666666667,topo,0,t_local,0,t_local,0
-127.32466666666667,1.6916666666666667,-126.13133333333333,1.3073333333333332,topo,1,t_local,0,t_local,0
-126.13133333333333,1.3073333333333332,-124.938,0.923,topo,2,t_local,0,t_local,0
-124.938,0.923,-124.60866666666666,0.9613333333333334,topo,0,t_local,0,t_local,0
-124.60866666666666,0.9613333333333334,-124.27933333333334,0.9996666666666667,topo,1,t_local,0,t_local,0
-124.27933333333334,0.9996666666666667,-123.95,1.038,topo,2,t_local,0,t_local,0
-123.95,1.038,-123.662,1.0763333333333334,topo,0,t_local,0,t_local,0
-123.662,1.0763333333333334,-123.374,1.1146666666666667,topo,1,t_local,0,t_local,0
-123.374,1.1146666666666667,-123.086,1.153,topo,2,t_local,0,t_local,0
-123.086,1.153,-122.592,1.0763333333333334,topo,0,t_local,0,t_local,0
-122.592,1.0763333333333334,-122.098,0.9996666666666667,topo,1,t_local,0,t_local,0
-122.098,0.9996666666666667,-121.604,0.923,topo,2,t_local,0,t_local,0
-121.604,0.923,-121.06933333333333,0.8073333333333333,topo,0,t_local,0,t_local,0
-121.06933333333333,0.8073333333333333,-120.53466666666667,0.6916666666666667,topo,1,t_local,0,t_local,0
-120.53466666666667,0.6916666666666667,-120.0,0.576,topo,2,t_local,0,t_local,0
-120.0,0.576,-119.506,0.73,topo,0,t_local,0,t_local,0
-119.506,0.73,-119.012,0.884,topo,1,t_local,0,t_local,0
-119.012,0.884,-118.518,1.038,topo,2,t_local,0,t_local,0
-118.518,1.038,-117.94200000000001,0.9996666666666667,topo,0,t_local,0,t_local,0
-117.94200000000001,0.9996666666666667,-117.366,0.9613333333333334,topo,1,t_local,0,t_local,0
-117.366,0.9613333333333334,-116.79,0.923,topo,2,t_local,0,t_local,0
-116.79,0.923,-116.296,0.923,topo,0,t_local,0,t_local,0
-116.296,0.923,-115.802,0.923,topo,1,t_local,0,t_local,0
-115.802,0.923,-115.308,0.923,topo,2,t_local,0,t_local,0
-115.308,0.923,-114.732,1.1153333333333333,topo,0,t_local,0,t_local,0
-114.732,1.1153333333333333,-114.156,1.3076666666666668,topo,1,t_local,0,t_local,0
-114.156,1.3076666666666668,-113.58,1.5,topo,2,t_local,0,t_local,0
-113.58,1.5,-113.086,1.5,topo,0,t_local,0,t_local,0
-113.086,1.5,-112.592,1.5,topo,1,t_local,0,t_local,0
-112.592,1.5,-112.098,1.5,topo,2,t_local,0,t_local,0
-112.098,1.5,-111.60433333333333,1.346,topo,0,t_local,0,t_local,0
-111.60433333333333,1.346,-111.11066666666667,1.192,topo,1,t_local,0,t_local,0
-111.11066666666667,1.192,-110.617,1.038,topo,2,t_local,0,t_local,0
-110.617,1.038,-109.794,0.884,topo,0,t_local,0,t_local,0
-109.794,0.884,-108.971,0.73,topo,1,t_local,0,t_local,0
-108.971,0.73,-108.148,0.576,topo,2,t_local,0,t_local,0
-108.148,0.576,-107.407,0.5376666666666666,topo,0,t_local,0,t_local,0
-107.407,0.5376666666666666,-106.666,0.49933333333333335,topo,1,t_local,0,t_local,0
-106.666,0.49933333333333335,-105.925,0.461,topo,2,t_local,0,t_local,0
-105.925,0.461,-104.93733333333333,0.538,topo,0,t_local,0,t_local,0
-104.93733333333333,0.538,-103.94966666666667,0.615,topo,1,t_local,0,t_local,0
-103.94966666666667,0.615,-102.962,0.692,topo,2,t_local,0,t_local,0
-102.962,0.692,-102.26266666666668,0.692,topo,0,t_local,0,t_local,0
-102.26266666666668,0.692,-101.56333333333333,0.692,topo,1,t_local,0,t_local,0
-101.56333333333333,0.692,-100.864,0.692,topo,2,t_local,0,t_local,0
-100.864,0.692,-100.20533333333334,0.769,topo,0,t_local,0,t_local,0
-100.20533333333334,0.769,-99.54666666666667,0.846,topo,1,t_local,0,t_local,0
-99.54666666666667,0.846,-98.888,0.923,topo,2,t_local,0,t_local,0
-98.888,0.923,-98.60000000000001,0.9613333333333334,topo,0,t_local,0,t_local,0
-98.60000000000001,0.9613333333333334,-98.312,0.9996666666666667,topo,1,t_local,0,t_local,0
-98.312,0.9996666666666667,-98.024,1.038,topo,2,t_local,0,t_local,0
-98.024,1.038,-97.28333333333333,0.9226666666666666,topo,0,t_local,0,t_local,0
-97.28333333333333,0.9226666666666666,-96.54266666666668,0.8073333333333333,topo,1,t_local,0,t_local,0
-96.54266666666668,0.8073333333333333,-95.802,0.692,topo,2,t_local,0,t_local,0
-95.802,0.692,-94.52633333333334,1.115,topo,0,t_local,0,t_local,0
-94.52633333333334,1.115,-93.25066666666666,1.538,topo,1,t_local,0,t_local,0
-93.25066666666666,1.538,-91.975,1.961,topo,2,t_local,0,t_local,0
-91.975,1.961,-91.44,1.8456666666666668,topo,0,t_local,0,t_local,0
-91.44,1.8456666666666668,-90.905,1.7303333333333333,topo,1,t_local,0,t_local,0
-90.905,1.7303333333333333,-90.37,1.615,topo,2,t_local,0,t_local,0
-90.37,1.615,-89.876,1.8456666666666666,topo,0,t_local,0,t_local,0
-89.876,1.8456666666666666,-89.382,2.0763333333333334,topo,1,t_local,0,t_local,0
-89.382,2.0763333333333334,-88.888,2.307,topo,2,t_local,0,t_local,0
-88.888,2.307,-88.10633333333334,2.307,topo,0,t_local,0,t_local,0
-88.10633333333334,2.307,-87.32466666666667,2.307,topo,1,t_local,0,t_local,0
-87.32466666666667,2.307,-86.543,2.307,topo,2,t_local,0,t_local,0
-86.543,2.307,-85.43166666666667,1.884,topo,0,t_local,0,t_local,0
-85.43166666666667,1.884,-84.32033333333334,1.4609999999999999,topo,1,t_local,0,t_local,0
-84.32033333333334,1.4609999999999999,-83.209,1.038,topo,2,t_local,0,t_local,0
-83.209,1.038,-82.46833333333333,1.2303333333333333,topo,0,t_local,0,t_local,0
-82.46833333333333,1.2303333333333333,-81.72766666666666,1.4226666666666667,topo,1,t_local,0,t_local,0
-81.72766666666666,1.4226666666666667,-80.987,1.615,topo,2,t_local,0,t_local,0
-80.987,1.615,-80.24633333333333,1.7303333333333333,topo,0,t_local,0,t_local,0
-80.24633333333333,1.7303333333333333,-79.50566666666667,1.8456666666666668,topo,1,t_local,0,t_local,0
-79.50566666666667,1.8456666666666668,-78.765,1.961,topo,2,t_local,0,t_local,0
-78.765,1.961,-78.23,2.0763333333333334,topo,0,t_local,0,t_local,0
-78.23,2.0763333333333334,-77.695,2.1916666666666664,topo,1,t_local,0,t_local,0
-77.695,2.1916666666666664,-77.16,2.307,topo,2,t_local,0,t_local,0
-77.16,2.307,-76.337,2.0763333333333334,topo,0,t_local,0,t_local,0
-76.337,2.0763333333333334,-75.514,1.8456666666666666,topo,1,t_local,0,t_local,0
-75.514,1.8456666666666666,-74.691,1.615,topo,2,t_local,0,t_local,0
-74.691,1.615,-73.74433333333333,1.9996666666666667,topo,0,t_local,0,t_local,0
-73.74433333333333,1.9996666666666667,-72.79766666666667,2.384333333333333,topo,1,t_local,0,t_local,0
-72.79766666666667,2.384333333333333,-71.851,2.769,topo,2,t_local,0,t_local,0
-71.851,2.769,-70.82233333333333,2.9226666666666667,topo,0,t_local,0,t_local,0
-70.82233333333333,2.9226666666666667,-69.79366666666667,3.0763333333333334,topo,1,t_local,0,t_local,0
-69.79366666666667,3.0763333333333334,-68.765,3.23,topo,2,t_local,0,t_local,0
-68.765,3.23,-68.14766666666667,2.961,topo,0,t_local,0,t_local,0
-68.14766666666667,2.961,-67.53033333333333,2.692,topo,1,t_local,0,t_local,0
-67.53033333333333,2.692,-66.913,2.423,topo,2,t_local,0,t_local,0
-66.913,2.423,-66.337,2.423,topo,0,t_local,0,t_local,0
-66.337,2.423,-65.761,2.423,topo,1,t_local,0,t_local,0
-65.761,2.423,-65.185,2.423,topo,2,t_local,0,t_local,0
-65.185,2.423,-64.60866666666666,2.1536666666666666,topo,0,t_local,0,t_local,0
-64.60866666666666,2.1536666666666666,-64.03233333333334,1.8843333333333332,topo,1,t_local,0,t_local,0
-64.03233333333334,1.8843333333333332,-63.456,1.615,topo,2,t_local,0,t_local,0
-63.456,1.615,-63.20933333333333,1.9226666666666665,topo,0,t_local,0,t_local,0
-63.20933333333333,1.9226666666666665,-62.96266666666667,2.2303333333333333,topo,1,t_local,0,t_local,0
-62.96266666666667,2.2303333333333333,-62.716,2.538,topo,2,t_local,0,t_local,0
-62.716,2.538,-62.30433333333333,2.538,topo,0,t_local,0,t_local,0
-62.30433333333333,2.538,-61.89266666666667,2.538,topo,1,t_local,0,t_local,0
-61.89266666666667,2.538,-61.481,2.538,topo,2,t_local,0,t_local,0
-61.481,2.538,-60.658,2.961,topo,0,t_local,0,t_local,0
-60.658,2.961,-59.835,3.384,topo,1,t_local,0,t_local,0
-59.835,3.384,-59.012,3.807,topo,2,t_local,0,t_local,0
-59.012,3.807,-58.43566666666667,3.6533333333333333,topo,0,t_local,0,t_local,0
-58.43566666666667,3.6533333333333333,-57.85933333333333,3.4996666666666667,topo,1,t_local,0,t_local,0
-57.85933333333333,3.4996666666666667,-57.283,3.346,topo,2,t_local,0,t_local,0
-57.283,3.346,-56.172000000000004,3.346,topo,0,t_local,0,t_local,0
-56.172000000000004,3.346,-55.061,3.346,topo,1,t_local,0,t_local,0
-55.061,3.346,-53.95,3.346,topo,2,t_local,0,t_local,0
-53.95,3.346,-53.127,3.4803333333333333,topo,0,t_local,0,t_local,0
-53.127,3.4803333333333333,-52.304,3.614666666666667,topo,1,t_local,0,t_local,0
-52.304,3.614666666666667,-51.481,3.749,topo,2,t_local,0,t_local,0
-51.481,3.749,-50.658,3.8836666666666666,topo,0,t_local,0,t_local,0
-50.658,3.8836666666666666,-49.835,4.018333333333333,topo,1,t_local,0,t_local,0
-49.835,4.018333333333333,-49.012,4.153,topo,2,t_local,0,t_local,0
-49.012,4.153,-48.23,3.845333333333333,topo,0,t_local,0,t_local,0
-48.23,3.845333333333333,-47.448,3.5376666666666665,topo,1,t_local,0,t_local,0
-47.448,3.5376666666666665,-46.666,3.23,topo,2,t_local,0,t_local,0
-46.666,3.23,-46.172333333333334,3.461,topo,0,t_local,0,t_local,0
-46.172333333333334,3.461,-45.678666666666665,3.692,topo,1,t_local,0,t_local,0
-45.678666666666665,3.692,-45.185,3.923,topo,2,t_local,0,t_local,0
-45.185,3.923,-44.32066666666667,3.9996666666666667,topo,0,t_local,0,t_local,0
-44.32066666666667,3.9996666666666667,-43.45633333333333,4.076333333333333,topo,1,t_local,0,t_local,0
-43.45633333333333,4.076333333333333,-42.592,4.153,topo,2,t_local,0,t_local,0
-42.592,4.153,-41.93366666666667,3.999333333333333,topo,0,t_local,0,t_local,0
-41.93366666666667,3.999333333333333,-41.27533333333333,3.845666666666667,topo,1,t_local,0,t_local,0
-41.27533333333333,3.845666666666667,-40.617,3.692,topo,2,t_local,0,t_local,0
-40.617,3.692,-40.329,3.7303333333333333,topo,0,t_local,0,t_local,0
-40.329,3.7303333333333333,-40.041,3.768666666666667,topo,1,t_local,0,t_local,0
-40.041,3.768666666666667,-39.753,3.807,topo,2,t_local,0,t_local,0
-39.753,3.807,-39.17666666666667,3.768666666666667,topo,0,t_local,0,t_local,0
-39.17666666666667,3.768666666666667,-38.60033333333333,3.7303333333333333,topo,1,t_local,0,t_local,0
-38.60033333333333,3.7303333333333333,-38.024,3.692,topo,2,t_local,0,t_local,0
-38.024,3.692,-37.28333333333333,3.845666666666667,topo,0,t_local,0,t_local,0
-37.28333333333333,3.845666666666667,-36.54266666666667,3.999333333333333,topo,1,t_local,0,t_local,0
-36.54266666666667,3.999333333333333,-35.802,4.153,topo,2,t_local,0,t_local,0
-35.802,4.153,-35.226,4.076333333333333,topo,0,t_local,0,t_local,0
-35.226,4.076333333333333,-34.65,3.9996666666666667,topo,1,t_local,0,t_local,0
-34.65,3.9996666666666667,-34.074,3.923,topo,2,t_local,0,t_local,0
-34.074,3.923,-33.58,4.346,topo,0,t_local,0,t_local,0
-33.58,4.346,-33.086,4.769,topo,1,t_local,0,t_local,0
-33.086,4.769,-32.592,5.192,topo,2,t_local,0,t_local,0
-32.592,5.192,-31.686666666666667,5.038,topo,0,t_local,0,t_local,0
-31.686666666666667,5.038,-30.781333333333333,4.884,topo,1,t_local,0,t_local,0
-30.781333333333333,4.884,-29.876,4.73,topo,2,t_local,0,t_local,0
-29.876,4.73,-28.312333333333335,4.614666666666667,topo,0,t_local,0,t_local,0
-28.312333333333335,4.614666666666667,-26.748666666666665,4.499333333333333,topo,1,t_local,0,t_local,0
-26.748666666666665,4.499333333333333,-25.185,4.384,topo,2,t_local,0,t_local,0
-25.185,4.384,-23.621,4.345666666666667,topo,0,t_local,0,t_local,0
-23.621,4.345666666666667,-22.057,4.307333333333333,topo,1,t_local,0,t_local,0
-22.057,4.307333333333333,-20.493,4.269,topo,2,t_local,0,t_local,0
-20.493,4.269,-19.217333333333332,4.211333333333333,topo,0,t_local,0,t_local,0
-19.217333333333332,4.211333333333333,-17.941666666666666,4.153666666666667,topo,1,t_local,0,t_local,0
-17.941666666666666,4.153666666666667,-16.666,4.096,topo,2,t_local,0,t_local,0
-16.666,4.096,-15.390333333333334,4.038333333333333,topo,0,t_local,0,t_local,0
-15.390333333333334,4.038333333333333,-14.114666666666666,3.9806666666666666,topo,1,t_local,0,t_local,0
-14.114666666666666,3.9806666666666666,-12.839,3.923,topo,2,t_local,0,t_local,0
-12.839,3.923,-11.851333333333333,3.9036666666666666,topo,0,t_local,0,t_local,0
-11.851333333333333,3.9036666666666666,-10.863666666666667,3.8843333333333336,topo,1,t_local,0,t_local,0
-10.863666666666667,3.8843333333333336,-9.876,3.865,topo,2,t_local,0,t_local,0
-9.876,3.865,-8.888333333333334,3.845666666666667,topo,0,t_local,0,t_local,0
-8.888333333333334,3.845666666666667,-7.900666666666667,3.8263333333333334,topo,1,t_local,0,t_local,0
-7.900666666666667,3.8263333333333334,-6.913,3.807,topo,2,t_local,0,t_local,0
-6.913,3.807,-5.760666666666667,3.8263333333333334,topo,0,t_local,0,t_local,0
-5.760666666666667,3.8263333333333334,-4.608333333333333,3.845666666666667,topo,1,t_local,0,t_local,0
-4.608333333333333,3.845666666666667,-3.456,3.865,topo,2,t_local,0,t_local,0
-3.456,3.865,-2.3040000000000003,3.8843333333333336,topo,0,t_local,0,t_local,0
-2.3040000000000003,3.8843333333333336,-1.1520000000000001,3.9036666666666666,topo,1,t_local,0,t_local,0
-1.1520000000000001,3.9036666666666666,0.0,3.923,topo,2,t_local,0,t_local,0
-147.777,0.576,-146.83033333333333,-0.14133333333333342,mbt,0,t_local,0,s_local,0
-146.83033333333333,-0.14133333333333342,-145.88366666666667,-0.8586666666666668,mbt,1,t_local,0,s_local,0
-145.88366666666667,-0.8586666666666668,-144.937,-1.576,mbt,2,t_local,0,s_local,0
-144.937,-1.576,-143.99066666666667,-2.2933333333333334,mbt,0,t_local,0,s_local,0
-143.99066666666667,-2.2933333333333334,-143.04433333333336,-3.010666666666667,mbt,1,t_local,0,s_local,0
-143.04433333333336,-3.010666666666667,-142.098,-3.728,mbt,2,t_local,0,s_local,0
-142.098,-3.728,-140.82233333333335,-4.054666666666667,mbt,0,t_local,0,s_local,0
-140.82233333333335,-4.054666666666667,-139.54666666666665,-4.381333333333334,mbt,1,t_local,0,s_local,0
-139.54666666666665,-4.381333333333334,-138.271,-4.708,mbt,2,t_local,0,s_local,0
-138.271,-4.708,-136.99533333333332,-5.035,mbt,0,t_local,0,s_local,0
-136.99533333333332,-5.035,-135.71966666666665,-5.362,mbt,1,t_local,0,s_local,0
-135.71966666666665,-5.362,-134.444,-5.689,mbt,2,t_local,0,s_local,0
-169.382,0.0,-168.15766666666667,-0.4163333333333334,ramp_mft,0,t_local,0,s_local,0
-168.15766666666667,-0.4163333333333334,-166.93333333333334,-0.8326666666666668,ramp_mft,1,t_local,0,s_local,0
-166.93333333333334,-0.8326666666666668,-165.709,-1.249,ramp_mft,2,t_local,0,s_local,0
-165.709,-1.249,-164.48466666666667,-1.6653333333333336,ramp_mft,0,t_local,0,s_local,0
-164.48466666666667,-1.6653333333333336,-163.26033333333334,-2.081666666666667,ramp_mft,1,t_local,0,s_local,0
-163.26033333333334,-2.081666666666667,-162.036,-2.498,ramp_mft,2,t_local,0,s_local,0
-162.036,-2.498,-160.81166666666667,-2.9143333333333334,ramp_mft,0,t_local,0,s_local,0
-160.81166666666667,-2.9143333333333334,-159.58733333333333,-3.3306666666666667,ramp_mft,1,t_local,0,s_local,0
-159.58733333333333,-3.3306666666666667,-158.363,-3.747,ramp_mft,2,t_local,0,s_local,0
-158.363,-3.747,-157.139,-4.163666666666667,ramp_mft,0,t_local,0,s_local,0
-157.139,-4.163666666666667,-155.915,-4.580333333333333,ramp_mft,1,t_local,0,s_local,0
-155.915,-4.580333333333333,-154.691,-4.997,ramp_mft,2,t_local,0,s_local,0
-154.691,-4.997,-153.05866666666668,-5.061,ramp_mft,0,t_local,0,s_local,0
-153.05866666666668,-5.061,-151.42633333333333,-5.125,ramp_mft,1,t_local,0,s_local,0
-151.42633333333333,-5.125,-149.794,-5.189,ramp_mft,2,t_local,0,s_local,0
-149.794,-5.189,-148.16166666666666,-5.253,ramp_mft,0,t_local,0,s_local,0
-148.16166666666666,-5.253,-146.52933333333334,-5.317,ramp_mft,1,t_local,0,s_local,0
-146.52933333333334,-5.317,-144.897,-5.381,ramp_mft,2,t_local,0,s_local,0
-144.897,-5.381,-143.26466666666667,-5.445333333333333,ramp_mft,0,t_local,0,s_local,0
-143.26466666666667,-5.445333333333333,-141.63233333333332,-5.509666666666667,ramp_mft,1,t_local,0,s_local,0
-141.63233333333332,-5.509666666666667,-140.0,-5.574,ramp_mft,2,t_local,0,s_local,0
-140.0,-5.574,-139.07366666666667,-5.593,ramp_mft,0,t_local,0,s_local,0
-139.07366666666667,-5.593,-138.14733333333334,-5.612,ramp_mft,1,t_local,0,s_local,0
-138.14733333333334,-5.612,-137.221,-5.631,ramp_mft,2,t_local,0,s_local,0
-137.221,-5.631,-136.29533333333333,-5.650333333333333,ramp_mft,0,t_local,0,s_local,0
-136.29533333333333,-5.650333333333333,-135.36966666666666,-5.669666666666667,ramp_mft,1,t_local,0,s_local,0
-135.36966666666666,-5.669666666666667,-134.444,-5.689,ramp_mft,2,t_local,0,s_local,0
-134.444,-5.689,-132.839,-5.833,ramp_mft,0,t_local,0,s_local,0
-132.839,-5.833,-131.23399999999998,-5.977,ramp_mft,1,t_local,0,s_local,0
-131.23399999999998,-5.977,-129.629,-6.121,ramp_mft,2,t_local,0,s_local,0
-129.629,-6.121,-128.024,-6.265333333333333,ramp_mft,0,t_local,0,s_local,0
-128.024,-6.265333333333333,-126.419,-6.409666666666667,ramp_mft,1,t_local,0,s_local,0
-126.419,-6.409666666666667,-124.814,-6.554,ramp_mft,2,t_local,0,s_local,0
-124.814,-6.554,-123.20899999999999,-6.698333333333333,ramp_mft,0,t_local,0,s_local,0
-123.20899999999999,-6.698333333333333,-121.604,-6.842666666666667,ramp_mft,1,t_local,0,s_local,0
-121.604,-6.842666666666667,-119.999,-6.987,ramp_mft,2,t_local,0,s_local,0
-119.999,-6.987,-118.39433333333334,-7.131333333333333,ramp_mft,0,t_local,0,s_local,0
-118.39433333333334,-7.131333333333333,-116.78966666666666,-7.275666666666667,ramp_mft,1,t_local,0,s_local,0
-116.78966666666666,-7.275666666666667,-115.185,-7.42,ramp_mft,2,t_local,0,s_local,0
-115.185,-7.42,-114.012,-7.939333333333333,ramp_mft,0,t_local,0,s_local,0
-114.012,-7.939333333333333,-112.839,-8.458666666666666,ramp_mft,1,t_local,0,s_local,0
-112.839,-8.458666666666666,-111.666,-8.978,ramp_mft,2,t_local,0,s_local,0
-111.666,-8.978,-110.49333333333333,-9.497333333333334,ramp_mft,0,t_local,0,s_local,0
-110.49333333333333,-9.497333333333334,-109.32066666666667,-10.016666666666666,ramp_mft,1,t_local,0,s_local,0
-109.32066666666667,-10.016666666666666,-108.148,-10.536,ramp_mft,2,t_local,0,s_local,0
-108.148,-10.536,-106.69733333333333,-10.694333333333333,ramp_mft,0,t_local,0,s_local,0
-106.69733333333333,-10.694333333333333,-105.24666666666667,-10.852666666666666,ramp_mft,1,t_local,0,s_local,0
-105.24666666666667,-10.852666666666666,-103.796,-11.011,ramp_mft,2,t_local,0,s_local,0
-103.796,-11.011,-102.34533333333334,-11.169666666666666,ramp_mft,0,t_local,0,s_local,0
-102.34533333333334,-11.169666666666666,-100.89466666666667,-11.328333333333333,ramp_mft,1,t_local,0,s_local,0
-100.89466666666667,-11.328333333333333,-99.444,-11.487,ramp_mft,2,t_local,0,s_local,0
-99.444,-11.487,-97.99333333333334,-11.645666666666667,ramp_mft,0,t_local,0,s_local,0
-97.99333333333334,-11.645666666666667,-96.54266666666666,-11.804333333333332,ramp_mft,1,t_local,0,s_local,0
-96.54266666666666,-11.804333333333332,-95.092,-11.963,ramp_mft,2,t_local,0,s_local,0
-95.092,-11.963,-93.64133333333334,-12.121666666666666,ramp_mft,0,t_local,0,s_local,0
-93.64133333333334,-12.121666666666666,-92.19066666666666,-12.280333333333333,ramp_mft,1,t_local,0,s_local,0
-92.19066666666666,-12.280333333333333,-90.74,-12.439,ramp_mft,2,t_local,0,s_local,0
-90.74,-12.439,-89.28933333333333,-12.597666666666667,ramp_mft,0,t_local,0,s_local,0
-89.28933333333333,-12.597666666666667,-87.83866666666667,-12.756333333333332,ramp_mft,1,t_local,0,s_local,0
-87.83866666666667,-12.756333333333332,-86.388,-12.915,ramp_mft,2,t_local,0,s_local,0
-86.388,-12.915,-84.93733333333334,-13.073666666666666,ramp_mft,0,t_local,0,s_local,0
-84.93733333333334,-13.073666666666666,-83.48666666666666,-13.232333333333333,ramp_mft,1,t_local,0,s_local,0
-83.48666666666666,-13.232333333333333,-82.036,-13.391,ramp_mft,2,t_local,0,s_local,0
-82.036,-13.391,-80.58533333333334,-13.549666666666667,ramp_mft,0,t_local,0,s_local,0
-80.58533333333334,-13.549666666666667,-79.13466666666666,-13.708333333333334,ramp_mft,1,t_local,0,s_local,0
-79.13466666666666,-13.708333333333334,-77.684,-13.867,ramp_mft,2,t_local,0,s_local,0
-77.684,-13.867,-76.23366666666666,-14.025666666666668,ramp_mft,0,t_local,0,s_local,0
-76.23366666666666,-14.025666666666668,-74.78333333333333,-14.184333333333333,ramp_mft,1,t_local,0,s_local,0
-74.78333333333333,-14.184333333333333,-73.333,-14.343,ramp_mft,2,t_local,0,s_local,0
-73.333,-14.343,-71.99233333333333,-14.980333333333332,ramp_mft,0,t_local,0,s_local,0
-71.99233333333333,-14.980333333333332,-70.65166666666667,-15.617666666666667,ramp_mft,1,t_local,0,s_local,0
-70.65166666666667,-15.617666666666667,-69.311,-16.255,ramp_mft,2,t_local,0,s_local,0
-69.311,-16.255,-67.97066666666667,-16.892333333333333,ramp_mft,0,t_local,0,s_local,0
-67.97066666666667,-16.892333333333333,-66.63033333333334,-17.529666666666667,ramp_mft,1,t_local,0,s_local,0
-66.63033333333334,-17.529666666666667,-65.29,-18.167,ramp_mft,2,t_local,0,s_local,0
-65.29,-18.167,-63.94966666666667,-18.804333333333336,ramp_mft,0,t_local,0,s_local,0
-63.94966666666667,-18.804333333333336,-62.60933333333333,-19.441666666666666,ramp_mft,1,t_local,0,s_local,0
-62.60933333333333,-19.441666666666666,-61.269,-20.079,ramp_mft,2,t_local,0,s_local,0
-61.269,-20.079,-59.928666666666665,-20.716333333333335,ramp_mft,0,t_local,0,s_local,0
-59.928666666666665,-20.716333333333335,-58.58833333333333,-21.353666666666665,ramp_mft,1,t_local,0,s_local,0
-58.58833333333333,-21.353666666666665,-57.248,-21.991,ramp_mft,2,t_local,0,s_local,0
-57.248,-21.991,-55.907666666666664,-22.628333333333334,ramp_mft,0,t_local,0,s_local,0
-55.907666666666664,-22.628333333333334,-54.56733333333333,-23.265666666666664,ramp_mft,1,t_local,0,s_local,0
-54.56733333333333,-23.265666666666664,-53.227,-23.903,ramp_mft,2,t_local,0,s_local,0
-53.227,-23.903,-51.88666666666666,-24.540333333333333,ramp_mft,0,t_local,0,s_local,0
-51.88666666666666,-24.540333333333333,-50.54633333333334,-25.177666666666667,ramp_mft,1,t_local,0,s_local,0
-50.54633333333334,-25.177666666666667,-49.206,-25.815,ramp_mft,2,t_local,0,s_local,0
-49.206,-25.815,-47.86566666666667,-26.45266666666667,ramp_mft,0,t_local,0,s_local,0
-47.86566666666667,-26.45266666666667,-46.525333333333336,-27.090333333333334,ramp_mft,1,t_local,0,s_local,0
-46.525333333333336,-27.090333333333334,-45.185,-27.728,ramp_mft,2,t_local,0,s_local,0
-45.185,-27.728,-43.627,-27.903666666666666,ramp_mft,0,t_local,0,s_local,0
-43.627,-27.903666666666666,-42.069,-28.079333333333334,ramp_mft,1,t_local,0,s_local,0
-42.069,-28.079333333333334,-40.511,-28.255,ramp_mft,2,t_local,0,s_local,0
-40.511,-28.255,-38.953,-28.430666666666667,ramp_mft,0,t_local,0,s_local,0
-38.953,-28.430666666666667,-37.395,-28.606333333333332,ramp_mft,1,t_local,0,s_local,0
-37.395,-28.606333333333332,-35.837,-28.782,ramp_mft,2,t_local,0,s_local,0
-35.837,-28.782,-34.279,-28.958,ramp_mft,0,t_local,0,s_local,0
-34.279,-28.958,-32.721000000000004,-29.134,ramp_mft,1,t_local,0,s_local,0
-32.721000000000004,-29.134,-31.163,-29.31,ramp_mft,2,t_local,0,s_local,0
-31.163,-29.31,-29.605333333333334,-29.485666666666667,ramp_mft,0,t_local,0,s_local,0
-29.605333333333334,-29.485666666666667,-28.047666666666665,-29.66133333333333,ramp_mft,1,t_local,0,s_local,0
-28.047666666666665,-29.66133333333333,-26.49,-29.837,ramp_mft,2,t_local,0,s_local,0
-26.49,-29.837,-24.932,-30.012999999999998,ramp_mft,0,t_local,0,s_local,0
-24.932,-30.012999999999998,-23.374,-30.189,ramp_mft,1,t_local,0,s_local,0
-23.374,-30.189,-21.816,-30.365,ramp_mft,2,t_local,0,s_local,0
-21.816,-30.365,-20.258,-30.540666666666667,ramp_mft,0,t_local,0,s_local,0
-20.258,-30.540666666666667,-18.7,-30.71633333333333,ramp_mft,1,t_local,0,s_local,0
-18.7,-30.71633333333333,-17.142,-30.892,ramp_mft,2,t_local,0,s_local,0
-17.142,-30.892,-15.584333333333333,-31.068,ramp_mft,0,t_local,0,s_local,0
-15.584333333333333,-31.068,-14.026666666666666,-31.244,ramp_mft,1,t_local,0,s_local,0
-14.026666666666666,-31.244,-12.469,-31.42,ramp_mft,2,t_local,0,s_local,0
-12.469,-31.42,-11.083333333333332,-31.573666666666668,ramp_mft,0,t_local,0,s_local,0
-11.083333333333332,-31.573666666666668,-9.697666666666667,-31.727333333333334,ramp_mft,1,t_local,0,s_local,0
-9.697666666666667,-31.727333333333334,-8.312,-31.881,ramp_mft,2,t_local,0,s_local,0
-8.312,-31.881,-6.926666666666666,-32.035000000000004,ramp_mft,0,t_local,0,s_local,0
-6.926666666666666,-32.035000000000004,-5.541333333333332,-32.189,ramp_mft,1,t_local,0,s_local,0
-5.541333333333332,-32.189,-4.156,-32.343,ramp_mft,2,t_local,0,s_local,0
-4.156,-32.343,-2.770666666666666,-32.497,ramp_mft,0,t_local,0,s_local,0
-2.770666666666666,-32.497,-1.385333333333333,-32.651,ramp_mft,1,t_local,0,s_local,0
-1.385333333333333,-32.651,0.0,-32.805,ramp_mft,2,t_local,0,s_local,0
0.0,-32.805,0.0,-31.274666666666665,right_edge,0,u_global,-20,u_global,0
0.0,-31.274666666666665,0.0,-29.744333333333334,right_edge,1,u_global,-20,u_global,0
0.0,-29.744333333333334,0.0,-28.214,right_edge,2,u_global,-20,u_global,0
0.0,-28.214,0.0,-26.683333333333334,right_edge,0,u_global,-20,u_global,0
0.0,-26.683333333333334,0.0,-25.152666666666665,right_edge,1,u_global,-20,u_global,0
0.0,-25.152666666666665,0.0,-23.622,right_edge,2,u_global,-20,u_global,0
0.0,-23.622,0.0,-22.092,right_edge,0,u_global,-20,u_global,0
0.0,-22.092,0.0,-20.562,right_edge,1,u_global,-20,u_global,0
0.0,-20.562,0.0,-19.032,right_edge,2,u_global,-20,u_global,0
0.0,-19.032,0.0,-17.501333333333335,right_edge,0,u_global,-20,u_global,0
0.0,-17.501333333333335,0.0,-15.970666666666666,right_edge,1,u_global,-20,u_global,0
0.0,-15.970666666666666,0.0,-14.44,right_edge,2,u_global,-20,u_global,0
0.0,-14.44,0.0,-12.909666666666666,right_edge,0,u_global,-20,u_global,0
0.0,-12.909666666666666,0.0,-11.379333333333333,right_edge,1,u_global,-20,u_global,0
0.0,-11.379333333333333,0.0,-9.849,right_edge,2,u_global,-20,u_global,0
0.0,-9.849,0.0,-8.319,right_edge,0,u_global,-20,u_global,0
0.0,-8.319,0.0,-6.789,right_edge,1,u_global,-20,u_global,0
0.0,-6.789,0.0,-5.259,right_edge,2,u_global,-20,u_global,0
0.0,-5.259,0.0,-3.7283333333333335,right_edge,0,u_global,-20,u_global,0
0.0,-3.7283333333333335,0.0,-2.1976666666666667,right_edge,1,u_global,-20,u_global,0
0.0,-2.1976666666666667,0.0,-0.667,right_edge,2,u_global,-20,u_global,0
0.0,-0.667,0.0,0.863,right_edge,0,u_global,-20,u_global,0
0.0,0.863,0.0,2.393,right_edge,1,u_global,-20,u_global,0
0.0,2.393,0.0,3.923,right_edge,2,u_global,-20,u_global,0
-683.0,-0.23,-681.3333333333334,-0.23,left_topo,0,t_local,0,t_local,0
-681.3333333333334,-0.23,-679.6666666666666,-0.23,left_topo,1,t_local,0,t_local,0
-679.6666666666666,-0.23,-678.0,-0.23,left_topo,2,t_local,0,t_local,0
-678.0,-0.23,-676.3333333333334,-0.23,left_topo,0,t_local,0,t_local,0
-676.3333333333334,-0.23,-674.6666666666666,-0.23,left_topo,1,t_local,0,t_local,0
-674.6666666666666,-0.23,-673.0,-0.23,left_topo,2,t_local,0,t_local,0
-673.0,-0.23,-671.3333333333334,-0.23,left_topo,0,t_local,0,t_local,0
-671.3333333333334,-0.23,-669.6666666666666,-0.23,left_topo,1,t_local,0,t_local,0
-669.6666666666666,-0.23,-668.0,-0.23,left_topo,2,t_local,0,t_local,0
-668.0,-0.23,-666.3333333333334,-0.23,left_topo,0,t_local,0,t_local,0
-666.3333333333334,-0.23,-664.6666666666666,-0.23,left_topo,1,t_local,0,t_local,0
-664.6666666666666,-0.23,-663.0,-0.23,left_topo,2,t_local,0,t_local,0
-663.0,-0.23,-661.3333333333334,-0.23,left_topo,0,t_local,0,t_local,0
-661.3333333333334,-0.23,-659.6666666666666,-0.23,left_topo,1,t_local,0,t_local,0
-659.6666666666666,-0.23,-658.0,-0.23,left_topo,2,t_local,0,t_local,0
-658.0,-0.23,-656.3333333333334,-0.23,left_topo,0,t_local,0,t_local,0
-656.3333333333334,-0.23,-654.6666666666666,-0.23,left_topo,1,t_local,0,t_local,0
-654.6666666666666,-0.23,-653.0,-0.23,left_topo,2,t_local,0,t_local,0
-653.0,-0.23,-651.3333333333334,-0.23,left_topo,0,t_local,0,t_local,0
-651.3333333333334,-0.23,-649.6666666666666,-0.23,left_topo,1,t_local,0,t_local,0
-649.6666666666666,-0.23,-648.0,-0.23,left_topo,2,t_local,0,t_local,0
-648.0,-0.23,-646.3333333333334,-0.23,left_topo,0,t_local,0,t_local,0
-646.3333333333334,-0.23,-644.6666666666666,-0.23,left_topo,1,t_local,0,t_local,0
-644.6666666666666,-0.23,-643.0,-0.23,left_topo,2,t_local,0,t_local,0
-643.0,-0.23,-641.3333333333334,-0.23,left_topo,0,t_local,0,t_local,0
-641.3333333333334,-0.23,-639.6666666666666,-0.23,left_topo,1,t_local,0,t_local,0
-639.6666666666666,-0.23,-638.0,-0.23,left_topo,2,t_local,0,t_local,0
-638.0,-0.23,-636.3333333333334,-0.23,left_topo,0,t_local,0,t_local,0
-636.3333333333334,-0.23,-634.6666666666666,-0.23,left_topo,1,t_local,0,t_local,0
-634.6666666666666,-0.23,-633.0,-0.23,left_topo,2,t_local,0,t_local,0
-633.0,-0.23,-631.3333333333334,-0.23,left_topo,0,t_local,0,t_local,0
-631.3333333333334,-0.23,-629.6666666666666,-0.23,left_topo,1,t_local,0,t_local,0
-629.6666666666666,-0.23,-628.0,-0.23,left_topo,2,t_local,0,t_local,0
-628.0,-0.23,-626.3333333333334,-0.23,left_topo,0,t_local,0,t_local,0
-626.3333333333334,-0.23,-624.6666666666666,-0.23,left_topo,1,t_local,0,t_local,0
-624.6666666666666,-0.23,-623.0,-0.23,left_topo,2,t_local,0,t_local,0
-623.0,-0.23,-621.3333333333334,-0.23,left_topo,0,t_local,0,t_local,0
-621.3333333333334,-0.23,-619.6666666666666,-0.23,left_topo,1,t_local,0,t_local,0
-619.6666666666666,-0.23,-618.0,-0.23,left_topo,2,t_local,0,t_local,0
-618.0,-0.23,-616.3333333333334,-0.23,left_topo,0,t_local,0,t_local,0
-616.3333333333334,-0.23,-614.6666666666666,-0.23,left_topo,1,t_local,0,t_local,0
-614.6666666666666,-0.23,-613.0,-0.23,left_topo,2,t_local,0,t_local,0
-613.0,-0.23,-611.3333333333334,-0.23,left_topo,0,t_local,0,t_local,0
-611.3333333333334,-0.23,-609.6666666666666,-0.23,left_topo,1,t_local,0,t_local,0
-609.6666666666666,-0.23,-608.0,-0.23,left_topo,2,t_local,0,t_local,0
-608.0,-0.23,-606.3333333333334,-0.23,left_topo,0,t_local,0,t_local,0
-606.3333333333334,-0.23,-604.6666666666666,-0.23,left_topo,1,t_local,0,t_local,0
-604.6666666666666,-0.23,-603.0,-0.23,left_topo,2,t_local,0,t_local,0
-603.0,-0.23,-601.3333333333334,-0.23,left_topo,0,t_local,0,t_local,0
-601.3333333333334,-0.23,-599.6666666666666,-0.23,left_topo,1,t_local,0,t_local,0
-599.6666666666666,-0.23,-598.0,-0.23,left_topo,2,t_local,0,t_local,0
-598.0,-0.23,-596.3333333333334,-0.23,left_topo,0,t_local,0,t_local,0
-596.3333333333334,-0.23,-594.6666666666666,-0.23,left_topo,1,t_local,0,t_local,0
-594.6666666666666,-0.23,-593.0,-0.23,left_topo,2,t_local,0,t_local,0
-593.0,-0.23,-591.3333333333334,-0.23,left_topo,0,t_local,0,t_local,0
-591.3333333333334,-0.23,-589.6666666666666,-0.23,left_topo,1,t_local,0,t_local,0
-589.6666666666666,-0.23,-588.0,-0.23,left_topo,2,t_local,0,t_local,0
-588.0,-0.23,-586.3333333333334,-0.23,left_topo,0,t_local,0,t_local,0
-586.3333333333334,-0.23,-584.6666666666666,-0.23,left_topo,1,t_local,0,t_local,0
-584.6666666666666,-0.23,-583.0,-0.23,left_topo,2,t_local,0,t_local,0
-583.0,-0.23,-581.3333333333334,-0.23,left_topo,0,t_local,0,t_local,0
-581.3333333333334,-0.23,-579.6666666666666,-0.23,left_topo,1,t_local,0,t_local,0
-579.6666666666666,-0.23,-578.0,-0.23,left_topo,2,t_local,0,t_local,0
-578.0,-0.23,-576.3333333333334,-0.23,left_topo,0,t_local,0,t_local,0
-576.3333333333334,-0.23,-574.6666666666666,-0.23,left_topo,1,t_local,0,t_local,0
-574.6666666666666,-0.23,-573.0,-0.23,left_topo,2,t_local,0,t_local,0
-573.0,-0.23,-571.3333333333334,-0.23,left_topo,0,t_local,0,t_local,0
-571.3333333333334,-0.23,-569.6666666666666,-0.23,left_topo,1,t_local,0,t_local,0
-569.6666666666666,-0.23,-568.0,-0.23,left_topo,2,t_local,0,t_local,0
-568.0,-0.23,-566.3333333333334,-0.23,left_topo,0,t_local,0,t_local,0
-566.3333333333334,-0.23,-564.6666666666666,-0.23,left_topo,1,t_local,0,t_local,0
-564.6666666666666,-0.23,-563.0,-0.23,left_topo,2,t_local,0,t_local,0
-563.0,-0.23,-561.3333333333334,-0.23,left_topo,0,t_local,0,t_local,0
-561.3333333333334,-0.23,-559.6666666666666,-0.23,left_topo,1,t_local,0,t_local,0
-559.6666666666666,-0.23,-558.0,-0.23,left_topo,2,t_local,0,t_local,0
-558.0,-0.23,-556.3333333333334,-0.23,left_topo,0,t_local,0,t_local,0
-556.3333333333334,-0.23,-554.6666666666666,-0.23,left_topo,1,t_local,0,t_local,0
-554.6666666666666,-0.23,-553.0,-0.23,left_topo,2,t_local,0,t_local,0
-553.0,-0.23,-551.3333333333334,-0.23,left_topo,0,t_local,0,t_local,0
-551.3333333333334,-0.23,-549.6666666666666,-0.23,left_topo,1,t_local,0,t_local,0
-549.6666666666666,-0.23,-548.0,-0.23,left_topo,2,t_local,0,t_local,0
-548.0,-0.23,-546.3333333333334,-0.23,left_topo,0,t_local,0,t_local,0
-546.3333333333334,-0.23,-544.6666666666666,-0.23,left_topo,1,t_local,0,t_local,0
-544.6666666666666,-0.23,-543.0,-0.23,left_topo,2,t_local,0,t_local,0
-543.0,-0.23,-541.3333333333334,-0.23,left_topo,0,t_local,0,t_local,0
-541.3333333333334,-0.23,-539.6666666666666,-0.23,left_topo,1,t_local,0,t_local,0
-539.6666666666666,-0.23,-538.0,-0.23,left_topo,2,t_local,0,t_local,0
-538.0,-0.23,-536.3333333333334,-0.23,left_topo,0,t_local,0,t_local,0
-536.3333333333334,-0.23,-534.6666666666666,-0.23,left_topo,1,t_local,0,t_local,0
-534.6666666666666,-0.23,-533.0,-0.23,left_topo,2,t_local,0,t_local,0
-533.0,-0.23,-531.3333333333334,-0.23,left_topo,0,t_local,0,t_local,0
-531.3333333333334,-0.23,-529.6666666666666,-0.23,left_topo,1,t_local,0,t_local,0
-529.6666666666666,-0.23,-528.0,-0.23,left_topo,2,t_local,0,t_local,0
-528.0,-0.23,-526.3333333333334,-0.23,left_topo,0,t_local,0,t_local,0
-526.3333333333334,-0.23,-524.6666666666666,-0.23,left_topo,1,t_local,0,t_local,0
-524.6666666666666,-0.23,-523.0,-0.23,left_topo,2,t_local,0,t_local,0
-523.0,-0.23,-521.3333333333334,-0.23,left_topo,0,t_local,0,t_local,0
-521.3333333333334,-0.23,-519.6666666666666,-0.23,left_topo,1,t_local,0,t_local,0
-519.6666666666666,-0.23,-518.0,-0.23,left_topo,2,t_local,0,t_local,0
-518.0,-0.23,-516.3333333333334,-0.23,left_topo,0,t_local,0,t_local,0
-516.3333333333334,-0.23,-514.6666666666666,-0.23,left_topo,1,t_local,0,t_local,0
-514.6666666666666,-0.23,-513.0,-0.23,left_topo,2,t_local,0,t_local,0
-513.0,-0.23,-511.3333333333333,-0.23,left_topo,0,t_local,0,t_local,0
-511.3333333333333,-0.23,-509.6666666666667,-0.23,left_topo,1,t_local,0,t_local,0
-509.6666666666667,-0.23,-508.0,-0.23,left_topo,2,t_local,0,t_local,0
-508.0,-0.23,-506.3333333333333,-0.23,left_topo,0,t_local,0,t_local,0
-506.3333333333333,-0.23,-504.6666666666667,-0.23,left_topo,1,t_local,0,t_local,0
-504.6666666666667,-0.23,-503.0,-0.23,left_topo,2,t_local,0,t_local,0
-503.0,-0.23,-501.3333333333333,-0.23,left_topo,0,t_local,0,t_local,0
-501.3333333333333,-0.23,-499.6666666666667,-0.23,left_topo,1,t_local,0,t_local,0
-499.6666666666667,-0.23,-498.0,-0.23,left_topo,2,t_local,0,t_local,0
-498.0,-0.23,-496.3333333333333,-0.23,left_topo,0,t_local,0,t_local,0
-496.3333333333333,-0.23,-494.6666666666667,-0.23,left_topo,1,t_local,0,t_local,0
-494.6666666666667,-0.23,-493.0,-0.23,left_topo,2,t_local,0,t_local,0
-493.0,-0.23,-491.3333333333333,-0.23,left_topo,0,t_local,0,t_local,0
-491.3333333333333,-0.23,-489.6666666666667,-0.23,left_topo,1,t_local,0,t_local,0
-489.6666666666667,-0.23,-488.0,-0.23,left_topo,2,t_local,0,t_local,0
-488.0,-0.23,-486.3333333333333,-0.23,left_topo,0,t_local,0,t_local,0
-486.3333333333333,-0.23,-484.6666666666667,-0.23,left_topo,1,t_local,0,t_local,0
-484.6666666666667,-0.23,-483.0,-0.23,left_topo,2,t_local,0,t_local,0
-483.0,-0.23,-481.3333333333333,-0.23,left_topo,0,t_local,0,t_local,0
-481.3333333333333,-0.23,-479.6666666666667,-0.23,left_topo,1,t_local,0,t_local,0
-479.6666666666667,-0.23,-478.0,-0.23,left_topo,2,t_local,0,t_local,0
-478.0,-0.23,-476.3333333333333,-0.23,left_topo,0,t_local,0,t_local,0
-476.3333333333333,-0.23,-474.6666666666667,-0.23,left_topo,1,t_local,0,t_local,0
-474.6666666666667,-0.23,-473.0,-0.23,left_topo,2,t_local,0,t_local,0
-473.0,-0.23,-471.3333333333333,-0.23,left_topo,0,t_local,0,t_local,0
-471.3333333333333,-0.23,-469.6666666666667,-0.23,left_topo,1,t_local,0,t_local,0
-469.6666666666667,-0.23,-468.0,-0.23,left_topo,2,t_local,0,t_local,0
-468.0,-0.23,-466.3333333333333,-0.23,left_topo,0,t_local,0,t_local,0
-466.3333333333333,-0.23,-464.6666666666667,-0.23,left_topo,1,t_local,0,t_local,0
-464.6666666666667,-0.23,-463.0,-0.23,left_topo,2,t_local,0,t_local,0
-463.0,-0.23,-461.3333333333333,-0.23,left_topo,0,t_local,0,t_local,0
-461.3333333333333,-0.23,-459.6666666666667,-0.23,left_topo,1,t_local,0,t_local,0
-459.6666666666667,-0.23,-458.0,-0.23,left_topo,2,t_local,0,t_local,0
-458.0,-0.23,-456.3333333333333,-0.23,left_topo,0,t_local,0,t_local,0
-456.3333333333333,-0.23,-454.6666666666667,-0.23,left_topo,1,t_local,0,t_local,0
-454.6666666666667,-0.23,-453.0,-0.23,left_topo,2,t_local,0,t_local,0
-453.0,-0.23,-451.3333333333333,-0.23,left_topo,0,t_local,0,t_local,0
-451.3333333333333,-0.23,-449.6666666666667,-0.23,left_topo,1,t_local,0,t_local,0
-449.6666666666667,-0.23,-448.0,-0.23,left_topo,2,t_local,0,t_local,0
-448.0,-0.23,-446.3333333333333,-0.23,left_topo,0,t_local,0,t_local,0
-446.3333333333333,-0.23,-444.6666666666667,-0.23,left_topo,1,t_local,0,t_local,0
-444.6666666666667,-0.23,-443.0,-0.23,left_topo,2,t_local,0,t_local,0
-443.0,-0.23,-441.3333333333333,-0.23,left_topo,0,t_local,0,t_local,0
-441.3333333333333,-0.23,-439.6666666666667,-0.23,left_topo,1,t_local,0,t_local,0
-439.6666666666667,-0.23,-438.0,-0.23,left_topo,2,t_local,0,t_local,0
-438.0,-0.23,-436.3333333333333,-0.23,left_topo,0,t_local,0,t_local,0
-436.3333333333333,-0.23,-434.6666666666667,-0.23,left_topo,1,t_local,0,t_local,0
-434.6666666666667,-0.23,-433.0,-0.23,left_topo,2,t_local,0,t_local,0
-433.0,-0.23,-431.3333333333333,-0.23,left_topo,0,t_local,0,t_local,0
-431.3333333333333,-0.23,-429.6666666666667,-0.23,left_topo,1,t_local,0,t_local,0
-429.6666666666667,-0.23,-428.0,-0.23,left_topo,2,t_local,0,t_local,0
-428.0,-0.23,-426.3333333333333,-0.23,left_topo,0,t_local,0,t_local,0
-426.3333333333333,-0.23,-424.6666666666667,-0.23,left_topo,1,t_local,0,t_local,0
-424.6666666666667,-0.23,-423.0,-0.23,left_topo,2,t_local,0,t_local,0
-423.0,-0.23,-421.3333333333333,-0.23,left_topo,0,t_local,0,t_local,0
-421.3333333333333,-0.23,-419.6666666666667,-0.23,left_topo,1,t_local,0,t_local,0
-419.6666666666667,-0.23,-418.0,-0.23,left_topo,2,t_local,0,t_local,0
-418.0,-0.23,-416.3333333333333,-0.23,left_topo,0,t_local,0,t_local,0
-416.3333333333333,-0.23,-414.6666666666667,-0.23,left_topo,1,t_local,0,t_local,0
-414.6666666666667,-0.23,-413.0,-0.23,left_topo,2,t_local,0,t_local,0
-413.0,-0.23,-411.3333333333333,-0.23,left_topo,0,t_local,0,t_local,0
-411.3333333333333,-0.23,-409.6666666666667,-0.23,left_topo,1,t_local,0,t_local,0
-409.6666666666667,-0.23,-408.0,-0.23,left_topo,2,t_local,0,t_local,0
-408.0,-0.23,-406.3333333333333,-0.23,left_topo,0,t_local,0,t_local,0
-406.3333333333333,-0.23,-404.6666666666667,-0.23,left_topo,1,t_local,0,t_local,0
-404.6666666666667,-0.23,-403.0,-0.23,left_topo,2,t_local,0,t_local,0
-403.0,-0.23,-401.3333333333333,-0.23,left_topo,0,t_local,0,t_local,0
-401.3333333333333,-0.23,-399.6666666666667,-0.23,left_topo,1,t_local,0,t_local,0
-399.6666666666667,-0.23,-398.0,-0.23,left_topo,2,t_local,0,t_local,0
-398.0,-0.23,-396.3333333333333,-0.23,left_topo,0,t_local,0,t_local,0
-396.3333333333333,-0.23,-394.6666666666667,-0.23,left_topo,1,t_local,0,t_local,0
-394.6666666666667,-0.23,-393.0,-0.23,left_topo,2,t_local,0,t_local,0
-393.0,-0.23,-391.3333333333333,-0.23,left_topo,0,t_local,0,t_local,0
-391.3333333333333,-0.23,-389.6666666666667,-0.23,left_topo,1,t_local,0,t_local,0
-389.6666666666667,-0.23,-388.0,-0.23,left_topo,2,t_local,0,t_local,0
-388.0,-0.23,-386.3333333333333,-0.23,left_topo,0,t_local,0,t_local,0
-386.3333333333333,-0.23,-384.6666666666667,-0.23,left_topo,1,t_local,0,t_local,0
-384.6666666666667,-0.23,-383.0,-0.23,left_topo,2,t_local,0,t_local,0
-383.0,-0.23,-381.3333333333333,-0.23,left_topo,0,t_local,0,t_local,0
-381.3333333333333,-0.23,-379.6666666666667,-0.23,left_topo,1,t_local,0,t_local,0
-379.6666666666667,-0.23,-378.0,-0.23,left_topo,2,t_local,0,t_local,0
-378.0,-0.23,-376.3333333333333,-0.23,left_topo,0,t_local,0,t_local,0
-376.3333333333333,-0.23,-374.6666666666667,-0.23,left_topo,1,t_local,0,t_local,0
-374.6666666666667,-0.23,-373.0,-0.23,left_topo,2,t_local,0,t_local,0
-373.0,-0.23,-371.3333333333333,-0.23,left_topo,0,t_local,0,t_local,0
-371.3333333333333,-0.23,-369.6666666666667,-0.23,left_topo,1,t_local,0,t_local,0
-369.6666666666667,-0.23,-368.0,-0.23,left_topo,2,t_local,0,t_local,0
-368.0,-0.23,-366.3333333333333,-0.23,left_topo,0,t_local,0,t_local,0
-366.3333333333333,-0.23,-364.6666666666667,-0.23,left_topo,1,t_local,0,t_local,0
-364.6666666666667,-0.23,-363.0,-0.23,left_topo,2,t_local,0,t_local,0
-363.0,-0.23,-361.3333333333333,-0.23,left_topo,0,t_local,0,t_local,0
-361.3333333333333,-0.23,-359.6666666666667,-0.23,left_topo,1,t_local,0,t_local,0
-359.6666666666667,-0.23,-358.0,-0.23,left_topo,2,t_local,0,t_local,0
-358.0,-0.23,-356.3333333333333,-0.23,left_topo,0,t_local,0,t_local,0
-356.3333333333333,-0.23,-354.6666666666667,-0.23,left_topo,1,t_local,0,t_local,0
-354.6666666666667,-0.23,-353.0,-0.23,left_topo,2,t_local,0,t_local,0
-353.0,-0.23,-351.3333333333333,-0.23,left_topo,0,t_local,0,t_local,0
-351.3333333333333,-0.23,-349.6666666666667,-0.23,left_topo,1,t_local,0,t_local,0
-349.6666666666667,-0.23,-348.0,-0.23,left_topo,2,t_local,0,t_local,0
-348.0,-0.23,-346.3333333333333,-0.23,left_topo,0,t_local,0,t_local,0
-346.3333333333333,-0.23,-344.6666666666667,-0.23,left_topo,1,t_local,0,t_local,0
-344.6666666666667,-0.23,-343.0,-0.23,left_topo,2,t_local,0,t_local,0
-343.0,-0.23,-341.3333333333333,-0.23,left_topo,0,t_local,0,t_local,0
-341.3333333333333,-0.23,-339.6666666666667,-0.23,left_topo,1,t_local,0,t_local,0
-339.6666666666667,-0.23,-338.0,-0.23,left_topo,2,t_local,0,t_local,0
-338.0,-0.23,-336.3333333333333,-0.23,left_topo,0,t_local,0,t_local,0
-336.3333333333333,-0.23,-334.6666666666667,-0.23,left_topo,1,t_local,0,t_local,0
-334.6666666666667,-0.23,-333.0,-0.23,left_topo,2,t_local,0,t_local,0
-333.0,-0.23,-331.3333333333333,-0.23,left_topo,0,t_local,0,t_local,0
-331.3333333333333,-0.23,-329.6666666666667,-0.23,left_topo,1,t_local,0,t_local,0
-329.6666666666667,-0.23,-328.0,-0.23,left_topo,2,t_local,0,t_local,0
-328.0,-0.23,-326.3333333333333,-0.23,left_topo,0,t_local,0,t_local,0
-326.3333333333333,-0.23,-324.6666666666667,-0.23,left_topo,1,t_local,0,t_local,0
-324.6666666666667,-0.23,-323.0,-0.23,left_topo,2,t_local,0,t_local,0
-323.0,-0.23,-321.3333333333333,-0.23,left_topo,0,t_local,0,t_local,0
-321.3333333333333,-0.23,-319.6666666666667,-0.23,left_topo,1,t_local,0,t_local,0
-319.6666666666667,-0.23,-318.0,-0.23,left_topo,2,t_local,0,t_local,0
-318.0,-0.23,-316.3333333333333,-0.23,left_topo,0,t_local,0,t_local,0
-316.3333333333333,-0.23,-314.6666666666667,-0.23,left_topo,1,t_local,0,t_local,0
-314.6666666666667,-0.23,-313.0,-0.23,left_topo,2,t_local,0,t_local,0
-313.0,-0.23,-311.3333333333333,-0.23,left_topo,0,t_local,0,t_local,0
-311.3333333333333,-0.23,-309.6666666666667,-0.23,left_topo,1,t_local,0,t_local,0
-309.6666666666667,-0.23,-308.0,-0.23,left_topo,2,t_local,0,t_local,0
-308.0,-0.23,-306.3333333333333,-0.23,left_topo,0,t_local,0,t_local,0
-306.3333333333333,-0.23,-304.6666666666667,-0.23,left_topo,1,t_local,0,t_local,0
-304.6666666666667,-0.23,-303.0,-0.23,left_topo,2,t_local,0,t_local,0
-303.0,-0.23,-301.3333333333333,-0.23,left_topo,0,t_local,0,t_local,0
-301.3333333333333,-0.23,-299.6666666666667,-0.23,left_topo,1,t_local,0,t_local,0
-299.6666666666667,-0.23,-298.0,-0.23,left_topo,2,t_local,0,t_local,0
-298.0,-0.23,-296.3333333333333,-0.23,left_topo,0,t_local,0,t_local,0
-296.3333333333333,-0.23,-294.6666666666667,-0.23,left_topo,1,t_local,0,t_local,0
-294.6666666666667,-0.23,-293.0,-0.23,left_topo,2,t_local,0,t_local,0
-293.0,-0.23,-291.3333333333333,-0.23,left_topo,0,t_local,0,t_local,0
-291.3333333333333,-0.23,-289.6666666666667,-0.23,left_topo,1,t_local,0,t_local,0
-289.6666666666667,-0.23,-288.0,-0.23,left_topo,2,t_local,0,t_local,0
-288.0,-0.23,-286.3333333333333,-0.23,left_topo,0,t_local,0,t_local,0
-286.3333333333333,-0.23,-284.6666666666667,-0.23,left_topo,1,t_local,0,t_local,0
-284.6666666666667,-0.23,-283.0,-0.23,left_topo,2,t_local,0,t_local,0
-283.0,-0.23,-281.3333333333333,-0.23,left_topo,0,t_local,0,t_local,0
-281.3333333333333,-0.23,-279.6666666666667,-0.23,left_topo,1,t_local,0,t_local,0
-279.6666666666667,-0.23,-278.0,-0.23,left_topo,2,t_local,0,t_local,0
-278.0,-0.23,-276.3333333333333,-0.23,left_topo,0,t_local,0,t_local,0
-276.3333333333333,-0.23,-274.6666666666667,-0.23,left_topo,1,t_local,0,t_local,0
-274.6666666666667,-0.23,-273.0,-0.23,left_topo,2,t_local,0,t_local,0
-273.0,-0.23,-271.3333333333333,-0.23,left_topo,0,t_local,0,t_local,0
-271.3333333333333,-0.23,-269.6666666666667,-0.23,left_topo,1,t_local,0,t_local,0
-269.6666666666667,-0.23,-268.0,-0.23,left_topo,2,t_local,0,t_local,0
-268.0,-0.23,-266.3333333333333,-0.23,left_topo,0,t_local,0,t_local,0
-266.3333333333333,-0.23,-264.6666666666667,-0.23,left_topo,1,t_local,0,t_local,0
-264.6666666666667,-0.23,-263.0,-0.23,left_topo,2,t_local,0,t_local,0
-263.0,-0.23,-261.3333333333333,-0.23,left_topo,0,t_local,0,t_local,0
-261.3333333333333,-0.23,-259.6666666666667,-0.23,left_topo,1,t_local,0,t_local,0
-259.6666666666667,-0.23,-258.0,-0.23,left_topo,2,t_local,0,t_local,0
-258.0,-0.23,-256.3333333333333,-0.23,left_topo,0,t_local,0,t_local,0
-256.3333333333333,-0.23,-254.66666666666666,-0.23,left_topo,1,t_local,0,t_local,0
-254.66666666666666,-0.23,-253.0,-0.23,left_topo,2,t_local,0,t_local,0
-253.0,-0.23,-251.33333333333334,-0.23,left_topo,0,t_local,0,t_local,0
-251.33333333333334,-0.23,-249.66666666666666,-0.23,left_topo,1,t_local,0,t_local,0
-249.66666666666666,-0.23,-248.0,-0.23,left_topo,2,t_local,0,t_local,0
-248.0,-0.23,-246.33333333333334,-0.23,left_topo,0,t_local,0,t_local,0
-246.33333333333334,-0.23,-244.66666666666666,-0.23,left_topo,1,t_local,0,t_local,0
-244.66666666666666,-0.23,-243.0,-0.23,left_topo,2,t_local,0,t_local,0
-243.0,-0.23,-241.33333333333334,-0.23,left_topo,0,t_local,0,t_local,0
-241.33333333333334,-0.23,-239.66666666666666,-0.23,left_topo,1,t_local,0,t_local,0
-239.66666666666666,-0.23,-238.0,-0.23,left_topo,2,t_local,0,t_local,0
-238.0,-0.23,-236.33333333333334,-0.23,left_topo,0,t_local,0,t_local,0
-236.33333333333334,-0.23,-234.66666666666666,-0.23,left_topo,1,t_local,0,t_local,0
-234.66666666666666,-0.23,-233.0,-0.23,left_topo,2,t_local,0,t_local,0
-233.0,-0.23,-231.33333333333334,-0.23,left_topo,0,t_local,0,t_local,0
-231.33333333333334,-0.23,-229.66666666666666,-0.23,left_topo,1,t_local,0,t_local,0
-229.66666666666666,-0.23,-228.0,-0.23,left_topo,2,t_local,0,t_local,0
-228.0,-0.23,-226.33333333333334,-0.23,left_topo,0,t_local,0,t_local,0
-226.33333333333334,-0.23,-224.66666666666666,-0.23,left_topo,1,t_local,0,t_local,0
-224.66666666666666,-0.23,-223.0,-0.23,left_topo,2,t_local,0,t_local,0
-223.0,-0.23,-221.33333333333334,-0.23,left_topo,0,t_local,0,t_local,0
-221.33333333333334,-0.23,-219.66666666666666,-0.23,left_topo,1,t_local,0,t_local,0
-219.66666666666666,-0.23,-218.0,-0.23,left_topo,2,t_local,0,t_local,0
-218.0,-0.23,-216.33333333333334,-0.23,left_topo,0,t_local,0,t_local,0
-216.33333333333334,-0.23,-214.66666666666666,-0.23,left_topo,1,t_local,0,t_local,0
-214.66666666666666,-0.23,-213.0,-0.23,left_topo,2,t_local,0,t_local,0
-213.0,-0.23,-211.33333333333334,-0.23,left_topo,0,t_local,0,t_local,0
-211.33333333333334,-0.23,-209.66666666666666,-0.23,left_topo,1,t_local,0,t_local,0
-209.66666666666666,-0.23,-208.0,-0.23,left_topo,2,t_local,0,t_local,0
-208.0,-0.23,-206.33333333333334,-0.23,left_topo,0,t_local,0,t_local,0
-206.33333333333334,-0.23,-204.66666666666666,-0.23,left_topo,1,t_local,0,t_local,0
-204.66666666666666,-0.23,-203.0,-0.23,left_topo,2,t_local,0,t_local,0
-203.0,-0.23,-201.33333333333334,-0.23,left_topo,0,t_local,0,t_local,0
-201.33333333333334,-0.23,-199.66666666666666,-0.23,left_topo,1,t_local,0,t_local,0
-199.66666666666666,-0.23,-198.0,-0.23,left_topo,2,t_local,0,t_local,0
-198.0,-0.23,-196.33333333333334,-0.23,left_topo,0,t_local,0,t_local,0
-196.33333333333334,-0.23,-194.66666666666666,-0.23,left_topo,1,t_local,0,t_local,0
-194.66666666666666,-0.23,-193.0,-0.23,left_topo,2,t_local,0,t_local,0
-193.0,-0.23,-191.33333333333334,-0.23,left_topo,0,t_local,0,t_local,0
-191.33333333333334,-0.23,-189.66666666666666,-0.23,left_topo,1,t_local,0,t_local,0
-189.66666666666666,-0.23,-188.0,-0.23,left_topo,2,t_local,0,t_local,0
-188.0,-0.23,-186.33333333333334,-0.23,left_topo,0,t_local,0,t_local,0
-186.33333333333334,-0.23,-184.66666666666666,-0.23,left_topo,1,t_local,0,t_local,0
-184.66666666666666,-0.23,-183.0,-0.23,left_topo,2,t_local,0,t_local,0
500.0,3.923,498.3333333333333,3.923,right_topo,0,t_local,0,t_local,0
498.3333333333333,3.923,496.6666666666667,3.923,right_topo,1,t_local,0,t_local,0
496.6666666666667,3.923,495.0,3.923,right_topo,2,t_local,0,t_local,0
495.0,3.923,493.3333333333333,3.923,right_topo,0,t_local,0,t_local,0
493.3333333333333,3.923,491.6666666666667,3.923,right_topo,1,t_local,0,t_local,0
491.6666666666667,3.923,490.0,3.923,right_topo,2,t_local,0,t_local,0
490.0,3.923,488.3333333333333,3.923,right_topo,0,t_local,0,t_local,0
488.3333333333333,3.923,486.6666666666667,3.923,right_topo,1,t_local,0,t_local,0
486.6666666666667,3.923,485.0,3.923,right_topo,2,t_local,0,t_local,0
485.0,3.923,483.3333333333333,3.923,right_topo,0,t_local,0,t_local,0
483.3333333333333,3.923,481.6666666666667,3.923,right_topo,1,t_local,0,t_local,0
481.6666666666667,3.923,480.0,3.923,right_topo,2,t_local,0,t_local,0
480.0,3.923,478.3333333333333,3.923,right_topo,0,t_local,0,t_local,0
478.3333333333333,3.923,476.6666666666667,3.923,right_topo,1,t_local,0,t_local,0
476.6666666666667,3.923,475.0,3.923,right_topo,2,t_local,0,t_local,0
475.0,3.923,473.3333333333333,3.923,right_topo,0,t_local,0,t_local,0
473.3333333333333,3.923,471.6666666666667,3.923,right_topo,1,t_local,0,t_local,0
471.6666666666667,3.923,470.0,3.923,right_topo,2,t_local,0,t_local,0
470.0,3.923,468.3333333333333,3.923,right_topo,0,t_local,0,t_local,0
468.3333333333333,3.923,466.6666666666667,3.923,right_topo,1,t_local,0,t_local,0
466.6666666666667,3.923,465.0,3.923,right_topo,2,t_local,0,t_local,0
465.0,3.923,463.3333333333333,3.923,right_topo,0,t_local,0,t_local,0
463.3333333333333,3.923,461.6666666666667,3.923,right_topo,1,t_local,0,t_local,0
461.6666666666667,3.923,460.0,3.923,right_topo,2,t_local,0,t_local,0
460.0,3.923,458.3333333333333,3.923,right_topo,0,t_local,0,t_local,0
458.3333333333333,3.923,456.6666666666667,3.923,right_topo,1,t_local,0,t_local,0
456.6666666666667,3.923,455.0,3.923,right_topo,2,t_local,0,t_local,0
455.0,3.923,453.3333333333333,3.923,right_topo,0,t_local,0,t_local,0
453.3333333333333,3.923,451.6666666666667,3.923,right_topo,1,t_local,0,t_local,0
451.6666666666667,3.923,450.0,3.923,right_topo,2,t_local,0,t_local,0
450.0,3.923,448.3333333333333,3.923,right_topo,0,t_local,0,t_local,0
448.3333333333333,3.923,446.6666666666667,3.923,right_topo,1,t_local,0,t_local,0
446.6666666666667,3.923,445.0,3.923,right_topo,2,t_local,0,t_local,0
445.0,3.923,443.3333333333333,3.923,right_topo,0,t_local,0,t_local,0
443.3333333333333,3.923,441.6666666666667,3.923,right_topo,1,t_local,0,t_local,0
441.6666666666667,3.923,440.0,3.923,right_topo,2,t_local,0,t_local,0
440.0,3.923,438.3333333333333,3.923,right_topo,0,t_local,0,t_local,0
438.3333333333333,3.923,436.6666666666667,3.923,right_topo,1,t_local,0,t_local,0
436.6666666666667,3.923,435.0,3.923,right_topo,2,t_local,0,t_local,0
435.0,3.923,433.3333333333333,3.923,right_topo,0,t_local,0,t_local,0
433.3333333333333,3.923,431.6666666666667,3.923,right_topo,1,t_local,0,t_local,0
431.6666666666667,3.923,430.0,3.923,right_topo,2,t_local,0,t_local,0
430.0,3.923,428.3333333333333,3.923,right_topo,0,t_local,0,t_local,0
428.3333333333333,3.923,426.6666666666667,3.923,right_topo,1,t_local,0,t_local,0
426.6666666666667,3.923,425.0,3.923,right_topo,2,t_local,0,t_local,0
425.0,3.923,423.3333333333333,3.923,right_topo,0,t_local,0,t_local,0
423.3333333333333,3.923,421.6666666666667,3.923,right_topo,1,t_local,0,t_local,0
421.6666666666667,3.923,420.0,3.923,right_topo,2,t_local,0,t_local,0
420.0,3.923,418.3333333333333,3.923,right_topo,0,t_local,0,t_local,0
418.3333333333333,3.923,416.6666666666667,3.923,right_topo,1,t_local,0,t_local,0
416.6666666666667,3.923,415.0,3.923,right_topo,2,t_local,0,t_local,0
415.0,3.923,413.3333333333333,3.923,right_topo,0,t_local,0,t_local,0
413.3333333333333,3.923,411.6666666666667,3.923,right_topo,1,t_local,0,t_local,0
411.6666666666667,3.923,410.0,3.923,right_topo,2,t_local,0,t_local,0
410.0,3.923,408.3333333333333,3.923,right_topo,0,t_local,0,t_local,0
408.3333333333333,3.923,406.6666666666667,3.923,right_topo,1,t_local,0,t_local,0
406.6666666666667,3.923,405.0,3.923,right_topo,2,t_local,0,t_local,0
405.0,3.923,403.3333333333333,3.923,right_topo,0,t_local,0,t_local,0
403.3333333333333,3.923,401.6666666666667,3.923,right_topo,1,t_local,0,t_local,0
401.6666666666667,3.923,400.0,3.923,right_topo,2,t_local,0,t_local,0
400.0,3.923,398.3333333333333,3.923,right_topo,0,t_local,0,t_local,0
398.3333333333333,3.923,396.6666666666667,3.923,right_topo,1,t_local,0,t_local,0
396.6666666666667,3.923,395.0,3.923,right_topo,2,t_local,0,t_local,0
395.0,3.923,393.3333333333333,3.923,right_topo,0,t_local,0,t_local,0
393.3333333333333,3.923,391.6666666666667,3.923,right_topo,1,t_local,0,t_local,0
391.6666666666667,3.923,390.0,3.923,right_topo,2,t_local,0,t_local,0
390.0,3.923,388.3333333333333,3.923,right_topo,0,t_local,0,t_local,0
388.3333333333333,3.923,386.6666666666667,3.923,right_topo,1,t_local,0,t_local,0
386.6666666666667,3.923,385.0,3.923,right_topo,2,t_local,0,t_local,0
385.0,3.923,383.3333333333333,3.923,right_topo,0,t_local,0,t_local,0
383.3333333333333,3.923,381.6666666666667,3.923,right_topo,1,t_local,0,t_local,0
381.6666666666667,3.923,380.0,3.923,right_topo,2,t_local,0,t_local,0
380.0,3.923,378.3333333333333,3.923,right_topo,0,t_local,0,t_local,0
378.3333333333333,3.923,376.6666666666667,3.923,right_topo,1,t_local,0,t_local,0
376.6666666666667,3.923,375.0,3.923,right_topo,2,t_local,0,t_local,0
375.0,3.923,373.3333333333333,3.923,right_topo,0,t_local,0,t_local,0
373.3333333333333,3.923,371.6666666666667,3.923,right_topo,1,t_local,0,t_local,0
371.6666666666667,3.923,370.0,3.923,right_topo,2,t_local,0,t_local,0
370.0,3.923,368.3333333333333,3.923,right_topo,0,t_local,0,t_local,0
368.3333333333333,3.923,366.6666666666667,3.923,right_topo,1,t_local,0,t_local,0
366.6666666666667,3.923,365.0,3.923,right_topo,2,t_local,0,t_local,0
365.0,3.923,363.3333333333333,3.923,right_topo,0,t_local,0,t_local,0
363.3333333333333,3.923,361.6666666666667,3.923,right_topo,1,t_local,0,t_local,0
361.6666666666667,3.923,360.0,3.923,right_topo,2,t_local,0,t_local,0
360.0,3.923,358.3333333333333,3.923,right_topo,0,t_local,0,t_local,0
358.3333333333333,3.923,356.6666666666667,3.923,right_topo,1,t_local,0,t_local,0
356.6666666666667,3.923,355.0,3.923,right_topo,2,t_local,0,t_local,0
355.0,3.923,353.3333333333333,3.923,right_topo,0,t_local,0,t_local,0
353.3333333333333,3.923,351.6666666666667,3.923,right_topo,1,t_local,0,t_local,0
351.6666666666667,3.923,350.0,3.923,right_topo,2,t_local,0,t_local,0
350.0,3.923,348.3333333333333,3.923,right_topo,0,t_local,0,t_local,0
348.3333333333333,3.923,346.6666666666667,3.923,right_topo,1,t_local,0,t_local,0
346.6666666666667,3.923,345.0,3.923,right_topo,2,t_local,0,t_local,0
345.0,3.923,343.3333333333333,3.923,right_topo,0,t_local,0,t_local,0
343.3333333333333,3.923,341.6666666666667,3.923,right_topo,1,t_local,0,t_local,0
341.6666666666667,3.923,340.0,3.923,right_topo,2,t_local,0,t_local,0
340.0,3.923,338.3333333333333,3.923,right_topo,0,t_local,0,t_local,0
338.3333333333333,3.923,336.6666666666667,3.923,right_topo,1,t_local,0,t_local,0
336.6666666666667,3.923,335.0,3.923,right_topo,2,t_local,0,t_local,0
335.0,3.923,333.3333333333333,3.923,right_topo,0,t_local,0,t_local,0
333.3333333333333,3.923,331.6666666666667,3.923,right_topo,1,t_local,0,t_local,0
331.6666666666667,3.923,330.0,3.923,right_topo,2,t_local,0,t_local,0
330.0,3.923,328.3333333333333,3.923,right_topo,0,t_local,0,t_local,0
328.3333333333333,3.923,326.6666666666667,3.923,right_topo,1,t_local,0,t_local,0
326.6666666666667,3.923,325.0,3.923,right_topo,2,t_local,0,t_local,0
325.0,3.923,323.3333333333333,3.923,right_topo,0,t_local,0,t_local,0
323.3333333333333,3.923,321.6666666666667,3.923,right_topo,1,t_local,0,t_local,0
321.6666666666667,3.923,320.0,3.923,right_topo,2,t_local,0,t_local,0
320.0,3.923,318.3333333333333,3.923,right_topo,0,t_local,0,t_local,0
318.3333333333333,3.923,316.6666666666667,3.923,right_topo,1,t_local,0,t_local,0
316.6666666666667,3.923,315.0,3.923,right_topo,2,t_local,0,t_local,0
315.0,3.923,313.3333333333333,3.923,right_topo,0,t_local,0,t_local,0
313.3333333333333,3.923,311.6666666666667,3.923,right_topo,1,t_local,0,t_local,0
311.6666666666667,3.923,310.0,3.923,right_topo,2,t_local,0,t_local,0
310.0,3.923,308.3333333333333,3.923,right_topo,0,t_local,0,t_local,0
308.3333333333333,3.923,306.6666666666667,3.923,right_topo,1,t_local,0,t_local,0
306.6666666666667,3.923,305.0,3.923,right_topo,2,t_local,0,t_local,0
305.0,3.923,303.3333333333333,3.923,right_topo,0,t_local,0,t_local,0
303.3333333333333,3.923,301.6666666666667,3.923,right_topo,1,t_local,0,t_local,0
301.6666666666667,3.923,300.0,3.923,right_topo,2,t_local,0,t_local,0
300.0,3.923,298.3333333333333,3.923,right_topo,0,t_local,0,t_local,0
298.3333333333333,3.923,296.6666666666667,3.923,right_topo,1,t_local,0,t_local,0
296.6666666666667,3.923,295.0,3.923,right_topo,2,t_local,0,t_local,0
295.0,3.923,293.3333333333333,3.923,right_topo,0,t_local,0,t_local,0
293.3333333333333,3.923,291.6666666666667,3.923,right_topo,1,t_local,0,t_local,0
291.6666666666667,3.923,290.0,3.923,right_topo,2,t_local,0,t_local,0
290.0,3.923,288.3333333333333,3.923,right_topo,0,t_local,0,t_local,0
288.3333333333333,3.923,286.6666666666667,3.923,right_topo,1,t_local,0,t_local,0
286.6666666666667,3.923,285.0,3.923,right_topo,2,t_local,0,t_local,0
285.0,3.923,283.3333333333333,3.923,right_topo,0,t_local,0,t_local,0
283.3333333333333,3.923,281.6666666666667,3.923,right_topo,1,t_local,0,t_local,0
281.6666666666667,3.923,280.0,3.923,right_topo,2,t_local,0,t_local,0
280.0,3.923,278.3333333333333,3.923,right_topo,0,t_local,0,t_local,0
278.3333333333333,3.923,276.6666666666667,3.923,right_topo,1,t_local,0,t_local,0
276.6666666666667,3.923,275.0,3.923,right_topo,2,t_local,0,t_local,0
275.0,3.923,273.3333333333333,3.923,right_topo,0,t_local,0,t_local,0
273.3333333333333,3.923,271.6666666666667,3.923,right_topo,1,t_local,0,t_local,0
271.6666666666667,3.923,270.0,3.923,right_topo,2,t_local,0,t_local,0
270.0,3.923,268.3333333333333,3.923,right_topo,0,t_local,0,t_local,0
268.3333333333333,3.923,266.6666666666667,3.923,right_topo,1,t_local,0,t_local,0
266.6666666666667,3.923,265.0,3.923,right_topo,2,t_local,0,t_local,0
265.0,3.923,263.3333333333333,3.923,right_topo,0,t_local,0,t_local,0
263.3333333333333,3.923,261.6666666666667,3.923,right_topo,1,t_local,0,t_local,0
261.6666666666667,3.923,260.0,3.923,right_topo,2,t_local,0,t_local,0
260.0,3.923,258.3333333333333,3.923,right_topo,0,t_local,0,t_local,0
258.3333333333333,3.923,256.6666666666667,3.923,right_topo,1,t_local,0,t_local,0
256.6666666666667,3.923,255.0,3.923,right_topo,2,t_local,0,t_local,0
255.0,3.923,253.33333333333334,3.923,right_topo,0,t_local,0,t_local,0
253.33333333333334,3.923,251.66666666666666,3.923,right_topo,1,t_local,0,t_local,0
251.66666666666666,3.923,250.0,3.923,right_topo,2,t_local,0,t_local,0
250.0,3.923,248.33333333333334,3.923,right_topo,0,t_local,0,t_local,0
248.33333333333334,3.923,246.66666666666666,3.923,right_topo,1,t_local,0,t_local,0
246.66666666666666,3.923,245.0,3.923,right_topo,2,t_local,0,t_local,0
245.0,3.923,243.33333333333334,3.923,right_topo,0,t_local,0,t_local,0
243.33333333333334,3.923,241.66666666666666,3.923,right_topo,1,t_local,0,t_local,0
241.66666666666666,3.923,240.0,3.923,right_topo,2,t_local,0,t_local,0
240.0,3.923,238.33333333333334,3.923,right_topo,0,t_local,0,t_local,0
238.33333333333334,3.923,236.66666666666666,3.923,right_topo,1,t_local,0,t_local,0
236.66666666666666,3.923,235.0,3.923,right_topo,2,t_local,0,t_local,0
235.0,3.923,233.33333333333334,3.923,right_topo,0,t_local,0,t_local,0
233.33333333333334,3.923,231.66666666666666,3.923,right_topo,1,t_local,0,t_local,0
231.66666666666666,3.923,230.0,3.923,right_topo,2,t_local,0,t_local,0
230.0,3.923,228.33333333333334,3.923,right_topo,0,t_local,0,t_local,0
228.33333333333334,3.923,226.66666666666666,3.923,right_topo,1,t_local,0,t_local,0
226.66666666666666,3.923,225.0,3.923,right_topo,2,t_local,0,t_local,0
225.0,3.923,223.33333333333334,3.923,right_topo,0,t_local,0,t_local,0
223.33333333333334,3.923,221.66666666666666,3.923,right_topo,1,t_local,0,t_local,0
221.66666666666666,3.923,220.0,3.923,right_topo,2,t_local,0,t_local,0
220.0,3.923,218.33333333333334,3.923,right_topo,0,t_local,0,t_local,0
218.33333333333334,3.923,216.66666666666666,3.923,right_topo,1,t_local,0,t_local,0
216.66666666666666,3.923,215.0,3.923,right_topo,2,t_local,0,t_local,0
215.0,3.923,213.33333333333334,3.923,right_topo,0,t_local,0,t_local,0
213.33333333333334,3.923,211.66666666666666,3.923,right_topo,1,t_local,0,t_local,0
211.66666666666666,3.923,210.0,3.923,right_topo,2,t_local,0,t_local,0
210.0,3.923,208.33333333333334,3.923,right_topo,0,t_local,0,t_local,0
208.33333333333334,3.923,206.66666666666666,3.923,right_topo,1,t_local,0,t_local,0
206.66666666666666,3.923,205.0,3.923,right_topo,2,t_local,0,t_local,0
205.0,3.923,203.33333333333334,3.923,right_topo,0,t_local,0,t_local,0
203.33333333333334,3.923,201.66666666666666,3.923,right_topo,1,t_local,0,t_local,0
201.66666666666666,3.923,200.0,3.923,right_topo,2,t_local,0,t_local,0
200.0,3.923,198.33333333333334,3.923,right_topo,0,t_local,0,t_local,0
198.33333333333334,3.923,196.66666666666666,3.923,right_topo,1,t_local,0,t_local,0
196.66666666666666,3.923,195.0,3.923,right_topo,2,t_local,0,t_local,0
195.0,3.923,193.33333333333334,3.923,right_topo,0,t_local,0,t_local,0
193.33333333333334,3.923,191.66666666666666,3.923,right_topo,1,t_local,0,t_local,0
191.66666666666666,3.923,190.0,3.923,right_topo,2,t_local,0,t_local,0
190.0,3.923,188.33333333333334,3.923,right_topo,0,t_local,0,t_local,0
188.33333333333334,3.923,186.66666666666666,3.923,right_topo,1,t_local,0,t_local,0
186.66666666666666,3.923,185.0,3.923,right_topo,2,t_local,0,t_local,0
185.0,3.923,183.33333333333334,3.923,right_topo,0,t_local,0,t_local,0
183.33333333333334,3.923,181.66666666666666,3.923,right_topo,1,t_local,0,t_local,0
181.66666666666666,3.923,180.0,3.923,right_topo,2,t_local,0,t_local,0
180.0,3.923,178.33333333333334,3.923,right_topo,0,t_local,0,t_local,0
178.33333333333334,3.923,176.66666666666666,3.923,right_topo,1,t_local,0,t_local,0
176.66666666666666,3.923,175.0,3.923,right_topo,2,t_local,0,t_local,0
175.0,3.923,173.33333333333334,3.923,right_topo,0,t_local,0,t_local,0
173.33333333333334,3.923,171.66666666666666,3.923,right_topo,1,t_local,0,t_local,0
171.66666666666666,3.923,170.0,3.923,right_topo,2,t_local,0,t_local,0
170.0,3.923,168.33333333333334,3.923,right_topo,0,t_local,0,t_local,0
168.33333333333334,3.923,166.66666666666666,3.923,right_topo,1,t_local,0,t_local,0
166.66666666666666,3.923,165.0,3.923,right_topo,2,t_local,0,t_local,0
165.0,3.923,163.33333333333334,3.923,right_topo,0,t_local,0,t_local,0
163.33333333333334,3.923,161.66666666666666,3.923,right_topo,1,t_local,0,t_local,0
161.66666666666666,3.923,160.0,3.923,right_topo,2,t_local,0,t_local,0
160.0,3.923,158.33333333333334,3.923,right_topo,0,t_local,0,t_local,0
158.33333333333334,3.923,156.66666666666666,3.923,right_topo,1,t_local,0,t_local,0
156.66666666666666,3.923,155.0,3.923,right_topo,2,t_local,0,t_local,0
155.0,3.923,153.33333333333334,3.923,right_topo,0,t_local,0,t_local,0
153.33333333333334,3.923,151.66666666666666,3.923,right_topo,1,t_local,0,t_local,0
151.66666666666666,3.923,150.0,3.923,right_topo,2,t_local,0,t_local,0
150.0,3.923,148.33333333333334,3.923,right_topo,0,t_local,0,t_local,0
148.33333333333334,3.923,146.66666666666666,3.923,right_topo,1,t_local,0,t_local,0
146.66666666666666,3.923,145.0,3.923,right_topo,2,t_local,0,t_local,0
145.0,3.923,143.33333333333334,3.923,right_topo,0,t_local,0,t_local,0
143.33333333333334,3.923,141.66666666666666,3.923,right_topo,1,t_local,0,t_local,0
141.66666666666666,3.923,140.0,3.923,right_topo,2,t_local,0,t_local,0
140.0,3.923,138.33333333333334,3.923,right_topo,0,t_local,0,t_local,0
138.33333333333334,3.923,136.66666666666666,3.923,right_topo,1,t_local,0,t_local,0
136.66666666666666,3.923,135.0,3.923,right_topo,2,t_local,0,t_local,0
135.0,3.923,133.33333333333334,3.923,right_topo,0,t_local,0,t_local,0
133.33333333333334,3.923,131.66666666666666,3.923,right_topo,1,t_local,0,t_local,0
131.66666666666666,3.923,130.0,3.923,right_topo,2,t_local,0,t_local,0
130.0,3.923,128.33333333333334,3.923,right_topo,0,t_local,0,t_local,0
128.33333333333334,3.923,126.66666666666667,3.923,right_topo,1,t_local,0,t_local,0
126.66666666666667,3.923,125.0,3.923,right_topo,2,t_local,0,t_local,0
125.0,3.923,123.33333333333333,3.923,right_topo,0,t_local,0,t_local,0
123.33333333333333,3.923,121.66666666666667,3.923,right_topo,1,t_local,0,t_local,0
121.66666666666667,3.923,120.0,3.923,right_topo,2,t_local,0,t_local,0
120.0,3.923,118.33333333333333,3.923,right_topo,0,t_local,0,t_local,0
118.33333333333333,3.923,116.66666666666667,3.923,right_topo,1,t_local,0,t_local,0
116.66666666666667,3.923,115.0,3.923,right_topo,2,t_local,0,t_local,0
115.0,3.923,113.33333333333333,3.923,right_topo,0,t_local,0,t_local,0
113.33333333333333,3.923,111.66666666666667,3.923,right_topo,1,t_local,0,t_local,0
111.66666666666667,3.923,110.0,3.923,right_topo,2,t_local,0,t_local,0
110.0,3.923,108.33333333333333,3.923,right_topo,0,t_local,0,t_local,0
108.33333333333333,3.923,106.66666666666667,3.923,right_topo,1,t_local,0,t_local,0
106.66666666666667,3.923,105.0,3.923,right_topo,2,t_local,0,t_local,0
105.0,3.923,103.33333333333333,3.923,right_topo,0,t_local,0,t_local,0
103.33333333333333,3.923,101.66666666666667,3.923,right_topo,1,t_local,0,t_local,0
101.66666666666667,3.923,100.0,3.923,right_topo,2,t_local,0,t_local,0
100.0,3.923,98.33333333333333,3.923,right_topo,0,t_local,0,t_local,0
98.33333333333333,3.923,96.66666666666667,3.923,right_topo,1,t_local,0,t_local,0
96.66666666666667,3.923,95.0,3.923,right_topo,2,t_local,0,t_local,0
95.0,3.923,93.33333333333333,3.923,right_topo,0,t_local,0,t_local,0
93.33333333333333,3.923,91.66666666666667,3.923,right_topo,1,t_local,0,t_local,0
91.66666666666667,3.923,90.0,3.923,right_topo,2,t_local,0,t_local,0
90.0,3.923,88.33333333333333,3.923,right_topo,0,t_local,0,t_local,0
88.33333333333333,3.923,86.66666666666667,3.923,right_topo,1,t_local,0,t_local,0
86.66666666666667,3.923,85.0,3.923,right_topo,2,t_local,0,t_local,0
85.0,3.923,83.33333333333333,3.923,right_topo,0,t_local,0,t_local,0
83.33333333333333,3.923,81.66666666666667,3.923,right_topo,1,t_local,0,t_local,0
81.66666666666667,3.923,80.0,3.923,right_topo,2,t_local,0,t_local,0
80.0,3.923,78.33333333333333,3.923,right_topo,0,t_local,0,t_local,0
78.33333333333333,3.923,76.66666666666667,3.923,right_topo,1,t_local,0,t_local,0
76.66666666666667,3.923,75.0,3.923,right_topo,2,t_local,0,t_local,0
75.0,3.923,73.33333333333333,3.923,right_topo,0,t_local,0,t_local,0
73.33333333333333,3.923,71.66666666666667,3.923,right_topo,1,t_local,0,t_local,0
71.66666666666667,3.923,70.0,3.923,right_topo,2,t_local,0,t_local,0
70.0,3.923,68.33333333333333,3.923,right_topo,0,t_local,0,t_local,0
68.33333333333333,3.923,66.66666666666667,3.923,right_topo,1,t_local,0,t_local,0
66.66666666666667,3.923,65.0,3.923,right_topo,2,t_local,0,t_local,0
65.0,3.923,63.333333333333336,3.923,right_topo,0,t_local,0,t_local,0
63.333333333333336,3.923,61.666666666666664,3.923,right_topo,1,t_local,0,t_local,0
61.666666666666664,3.923,60.0,3.923,right_topo,2,t_local,0,t_local,0
60.0,3.923,58.333333333333336,3.923,right_topo,0,t_local,0,t_local,0
58.333333333333336,3.923,56.666666666666664,3.923,right_topo,1,t_local,0,t_local,0
56.666666666666664,3.923,55.0,3.923,right_topo,2,t_local,0,t_local,0
55.0,3.923,53.333333333333336,3.923,right_topo,0,t_local,0,t_local,0
53.333333333333336,3.923,51.666666666666664,3.923,right_topo,1,t_local,0,t_local,0
51.666666666666664,3.923,50.0,3.923,right_topo,2,t_local,0,t_local,0
50.0,3.923,48.333333333333336,3.923,right_topo,0,t_local,0,t_local,0
48.333333333333336,3.923,46.666666666666664,3.923,right_topo,1,t_local,0,t_local,0
46.666666666666664,3.923,45.0,3.923,right_topo,2,t_local,0,t_local,0
45.0,3.923,43.333333333333336,3.923,right_topo,0,t_local,0,t_local,0
43.333333333333336,3.923,41.666666666666664,3.923,right_topo,1,t_local,0,t_local,0
41.666666666666664,3.923,40.0,3.923,right_topo,2,t_local,0,t_local,0
40.0,3.923,38.333333333333336,3.923,right_topo,0,t_local,0,t_local,0
38.333333333333336,3.923,36.666666666666664,3.923,right_topo,1,t_local,0,t_local,0
36.666666666666664,3.923,35.0,3.923,right_topo,2,t_local,0,t_local,0
35.0,3.923,33.333333333333336,3.923,right_topo,0,t_local,0,t_local,0
33.333333333333336,3.923,31.666666666666668,3.923,right_topo,1,t_local,0,t_local,0
31.666666666666668,3.923,30.0,3.923,right_topo,2,t_local,0,t_local,0
30.0,3.923,28.333333333333332,3.923,right_topo,0,t_local,0,t_local,0
28.333333333333332,3.923,26.666666666666668,3.923,right_topo,1,t_local,0,t_local,0
26.666666666666668,3.923,25.0,3.923,right_topo,2,t_local,0,t_local,0
25.0,3.923,23.333333333333332,3.923,right_topo,0,t_local,0,t_local,0
23.333333333333332,3.923,21.666666666666668,3.923,right_topo,1,t_local,0,t_local,0
21.666666666666668,3.923,20.0,3.923,right_topo,2,t_local,0,t_local,0
20.0,3.923,18.333333333333332,3.923,right_topo,0,t_local,0,t_local,0
18.333333333333332,3.923,16.666666666666668,3.923,right_topo,1,t_local,0,t_local,0
16.666666666666668,3.923,15.0,3.923,right_topo,2,t_local,0,t_local,0
15.0,3.923,13.333333333333334,3.923,right_topo,0,t_local,0,t_local,0
13.333333333333334,3.923,11.666666666666666,3.923,right_topo,1,t_local,0,t_local,0
11.666666666666666,3.923,10.0,3.923,right_topo,2,t_local,0,t_local,0
10.0,3.923,8.333333333333334,3.923,right_topo,0,t_local,0,t_local,0
8.333333333333334,3.923,6.666666666666666,3.923,right_topo,1,t_local,0,t_local,0
6.666666666666666,3.923,5.0,3.923,right_topo,2,t_local,0,t_local,0
5.0,3.923,3.333333333333333,3.923,right_topo,0,t_local,0,t_local,0
3.333333333333333,3.923,1.6666666666666665,3.923,right_topo,1,t_local,0,t_local,0
1.6666666666666665,3.923,0.0,3.923,right_topo,2,t_local,0,t_local,0
